unperturbed patterns= [[0.42345839 1.99703099 0.76403728 1.39564386 0.93367086 0.52973556]
 [0.55294625 1.37351641 2.05219779 3.46760525 0.43615809 0.20277127]
 [1.03406661 1.29631566 0.32507363 1.26010835 2.3481201  0.80595613]]
1 10
i_batch= 40
i_batch= 80
i_batch= 120
i_batch= 160
i_batch= 200
i_batch= 240
i_batch= 280
i_batch= 320
i_batch= 360
i_batch= 400
1 15
i_batch= 40
i_batch= 80
i_batch= 120
i_batch= 160
i_batch= 200
i_batch= 240
i_batch= 280
i_batch= 320
i_batch= 360
i_batch= 400
1 20
i_batch= 40
i_batch= 80
i_batch= 120
i_batch= 160
i_batch= 200
i_batch= 240
i_batch= 280
i_batch= 320
i_batch= 360
i_batch= 400
1 25
i_batch= 40
i_batch= 80
i_batch= 120
i_batch= 160
i_batch= 200
i_batch= 240
i_batch= 280
i_batch= 320
i_batch= 360
i_batch= 400
1 30
i_batch= 40
i_batch= 80
i_batch= 120
i_batch= 160
i_batch= 200
i_batch= 240
i_batch= 280
i_batch= 320
i_batch= 360
i_batch= 400
1 35
i_batch= 40
i_batch= 80
i_batch= 120
i_batch= 160
i_batch= 200
i_batch= 240
i_batch= 280
i_batch= 320
i_batch= 360
i_batch= 400
1 40
i_batch= 40
i_batch= 80
i_batch= 120
i_batch= 160
i_batch= 200
i_batch= 240
i_batch= 280
i_batch= 320
i_batch= 360
i_batch= 400
1 45
i_batch= 40
i_batch= 80
i_batch= 120
i_batch= 160
i_batch= 200
i_batch= 240
i_batch= 280
i_batch= 320
i_batch= 360
i_batch= 400
1 50
i_batch= 40
i_batch= 80
i_batch= 120
i_batch= 160
i_batch= 200
i_batch= 240
i_batch= 280
i_batch= 320
i_batch= 360
i_batch= 400
1 55
i_batch= 40
i_batch= 80
i_batch= 120
i_batch= 160
i_batch= 200
i_batch= 240
i_batch= 280
i_batch= 320
i_batch= 360
i_batch= 400
1 60
i_batch= 40
i_batch= 80
i_batch= 120
i_batch= 160
i_batch= 200
i_batch= 240
i_batch= 280
i_batch= 320
i_batch= 360
i_batch= 400
1 65
i_batch= 40
i_batch= 80
i_batch= 120
i_batch= 160
i_batch= 200
i_batch= 240
i_batch= 280
i_batch= 320
i_batch= 360
i_batch= 400
1 70
i_batch= 40
i_batch= 80
i_batch= 120
i_batch= 160
i_batch= 200
i_batch= 240
i_batch= 280
i_batch= 320
i_batch= 360
i_batch= 400
1 75
i_batch= 40
i_batch= 80
i_batch= 120
i_batch= 160
i_batch= 200
i_batch= 240
i_batch= 280
i_batch= 320
i_batch= 360
i_batch= 400
1 80
i_batch= 40
i_batch= 80
i_batch= 120
i_batch= 160
i_batch= 200
i_batch= 240
i_batch= 280
i_batch= 320
i_batch= 360
i_batch= 400
1 85
i_batch= 40
i_batch= 80
i_batch= 120
i_batch= 160
i_batch= 200
i_batch= 240
i_batch= 280
i_batch= 320
i_batch= 360
i_batch= 400
1 90
i_batch= 40
i_batch= 80
i_batch= 120
i_batch= 160
i_batch= 200
i_batch= 240
i_batch= 280
i_batch= 320
i_batch= 360
i_batch= 400
1 95
i_batch= 40
i_batch= 80
i_batch= 120
i_batch= 160
i_batch= 200
i_batch= 240
i_batch= 280
i_batch= 320
i_batch= 360
i_batch= 400
1 100
i_batch= 40
i_batch= 80
i_batch= 120
i_batch= 160
i_batch= 200
i_batch= 240
i_batch= 280
i_batch= 320
i_batch= 360
i_batch= 400
1 105
i_batch= 40
i_batch= 80
i_batch= 120
i_batch= 160
i_batch= 200
i_batch= 240
i_batch= 280
i_batch= 320
i_batch= 360
i_batch= 400
1 110
i_batch= 40
i_batch= 80
i_batch= 120
i_batch= 160
i_batch= 200
i_batch= 240
i_batch= 280
i_batch= 320
i_batch= 360
i_batch= 400
1 115
i_batch= 40
i_batch= 80
i_batch= 120
i_batch= 160
i_batch= 200
i_batch= 240
i_batch= 280
i_batch= 320
i_batch= 360
i_batch= 400
1 120
i_batch= 40
i_batch= 80
i_batch= 120
i_batch= 160
i_batch= 200
i_batch= 240
i_batch= 280
i_batch= 320
i_batch= 360
i_batch= 400
unperturbed patterns= [[1.16496143 1.15292427 1.53780285 7.15962638 0.64119051 7.38654523]
 [5.84183684 4.02749888 3.09924488 3.74313994 2.38173851 2.88662029]
 [0.91431066 0.41201646 0.23472147 0.17246667 5.12126298 0.93733486]]
1 10
i_batch= 40
i_batch= 80
i_batch= 120
i_batch= 160
i_batch= 200
i_batch= 240
i_batch= 280
i_batch= 320
i_batch= 360
i_batch= 400
1 15
i_batch= 40
i_batch= 80
i_batch= 120
i_batch= 160
i_batch= 200
i_batch= 240
i_batch= 280
i_batch= 320
i_batch= 360
i_batch= 400
1 20
i_batch= 40
i_batch= 80
i_batch= 120
i_batch= 160
i_batch= 200
i_batch= 240
i_batch= 280
i_batch= 320
i_batch= 360
i_batch= 400
1 25
i_batch= 40
i_batch= 80
i_batch= 120
i_batch= 160
i_batch= 200
i_batch= 240
i_batch= 280
i_batch= 320
i_batch= 360
i_batch= 400
1 30
i_batch= 40
i_batch= 80
i_batch= 120
i_batch= 160
i_batch= 200
i_batch= 240
i_batch= 280
i_batch= 320
i_batch= 360
i_batch= 400
1 35
i_batch= 40
i_batch= 80
i_batch= 120
i_batch= 160
i_batch= 200
i_batch= 240
i_batch= 280
i_batch= 320
i_batch= 360
i_batch= 400
1 40
i_batch= 40
i_batch= 80
i_batch= 120
i_batch= 160
i_batch= 200
i_batch= 240
i_batch= 280
i_batch= 320
i_batch= 360
i_batch= 400
1 45
i_batch= 40
i_batch= 80
i_batch= 120
i_batch= 160
i_batch= 200
i_batch= 240
i_batch= 280
i_batch= 320
i_batch= 360
i_batch= 400
1 50
i_batch= 40
i_batch= 80
i_batch= 120
i_batch= 160
i_batch= 200
i_batch= 240
i_batch= 280
i_batch= 320
i_batch= 360
i_batch= 400
1 55
i_batch= 40
i_batch= 80
i_batch= 120
i_batch= 160
i_batch= 200
i_batch= 240
i_batch= 280
i_batch= 320
i_batch= 360
i_batch= 400
1 60
i_batch= 40
i_batch= 80
i_batch= 120
i_batch= 160
i_batch= 200
i_batch= 240
i_batch= 280
i_batch= 320
i_batch= 360
i_batch= 400
1 65
i_batch= 40
i_batch= 80
i_batch= 120
i_batch= 160
i_batch= 200
i_batch= 240
i_batch= 280
i_batch= 320
i_batch= 360
i_batch= 400
1 70
i_batch= 40
i_batch= 80
i_batch= 120
i_batch= 160
i_batch= 200
i_batch= 240
i_batch= 280
i_batch= 320
i_batch= 360
i_batch= 400
1 75
i_batch= 40
i_batch= 80
i_batch= 120
i_batch= 160
i_batch= 200
i_batch= 240
i_batch= 280
i_batch= 320
i_batch= 360
i_batch= 400
1 80
i_batch= 40
i_batch= 80
i_batch= 120
i_batch= 160
i_batch= 200
i_batch= 240
i_batch= 280
i_batch= 320
i_batch= 360
i_batch= 400
1 85
i_batch= 40
i_batch= 80
i_batch= 120
i_batch= 160
i_batch= 200
i_batch= 240
i_batch= 280
i_batch= 320
i_batch= 360
i_batch= 400
1 90
i_batch= 40
i_batch= 80
i_batch= 120
i_batch= 160
i_batch= 200
i_batch= 240
i_batch= 280
i_batch= 320
i_batch= 360
i_batch= 400
1 95
i_batch= 40
i_batch= 80
i_batch= 120
i_batch= 160
i_batch= 200
i_batch= 240
i_batch= 280
i_batch= 320
i_batch= 360
i_batch= 400
1 100
i_batch= 40
i_batch= 80
i_batch= 120
i_batch= 160
i_batch= 200
i_batch= 240
i_batch= 280
i_batch= 320
i_batch= 360
i_batch= 400
1 105
i_batch= 40
i_batch= 80
i_batch= 120
i_batch= 160
i_batch= 200
i_batch= 240
i_batch= 280
i_batch= 320
i_batch= 360
i_batch= 400
1 110
i_batch= 40
i_batch= 80
i_batch= 120
i_batch= 160
i_batch= 200
i_batch= 240
i_batch= 280
i_batch= 320
i_batch= 360
i_batch= 400
1 115
i_batch= 40
i_batch= 80
i_batch= 120
i_batch= 160
i_batch= 200
i_batch= 240
i_batch= 280
i_batch= 320
i_batch= 360
i_batch= 400
1 120
i_batch= 40
i_batch= 80
i_batch= 120
i_batch= 160
i_batch= 200
i_batch= 240
i_batch= 280
i_batch= 320
i_batch= 360
i_batch= 400
unperturbed patterns= [[ 8.53226593  0.05826413  0.06604394  1.40618052  0.52714067  2.81793915]
 [ 1.87591979  0.10317664  1.19617837  0.46269079  2.15962739  0.12637325]
 [ 3.20772004  0.73552023  2.21060893  0.66339654  2.47933108 18.06349406]]
1 10
i_batch= 40
i_batch= 80
i_batch= 120
i_batch= 160
i_batch= 200
i_batch= 240
i_batch= 280
i_batch= 320
i_batch= 360
i_batch= 400
1 15
i_batch= 40
i_batch= 80
i_batch= 120
i_batch= 160
i_batch= 200
i_batch= 240
i_batch= 280
i_batch= 320
i_batch= 360
i_batch= 400
1 20
i_batch= 40
i_batch= 80
i_batch= 120
i_batch= 160
i_batch= 200
i_batch= 240
i_batch= 280
i_batch= 320
i_batch= 360
i_batch= 400
1 25
i_batch= 40
i_batch= 80
i_batch= 120
i_batch= 160
i_batch= 200
i_batch= 240
i_batch= 280
i_batch= 320
i_batch= 360
i_batch= 400
1 30
i_batch= 40
i_batch= 80
i_batch= 120
i_batch= 160
i_batch= 200
i_batch= 240
i_batch= 280
i_batch= 320
i_batch= 360
i_batch= 400
1 35
i_batch= 40
i_batch= 80
i_batch= 120
i_batch= 160
i_batch= 200
i_batch= 240
i_batch= 280
i_batch= 320
i_batch= 360
i_batch= 400
1 40
i_batch= 40
i_batch= 80
i_batch= 120
i_batch= 160
i_batch= 200
i_batch= 240
i_batch= 280
i_batch= 320
i_batch= 360
i_batch= 400
1 45
i_batch= 40
i_batch= 80
i_batch= 120
i_batch= 160
i_batch= 200
i_batch= 240
i_batch= 280
i_batch= 320
i_batch= 360
i_batch= 400
1 50
i_batch= 40
i_batch= 80
i_batch= 120
i_batch= 160
i_batch= 200
i_batch= 240
i_batch= 280
i_batch= 320
i_batch= 360
i_batch= 400
1 55
i_batch= 40
i_batch= 80
i_batch= 120
i_batch= 160
i_batch= 200
i_batch= 240
i_batch= 280
i_batch= 320
i_batch= 360
i_batch= 400
1 60
i_batch= 40
i_batch= 80
i_batch= 120
i_batch= 160
i_batch= 200
i_batch= 240
i_batch= 280
i_batch= 320
i_batch= 360
i_batch= 400
1 65
i_batch= 40
i_batch= 80
i_batch= 120
i_batch= 160
i_batch= 200
i_batch= 240
i_batch= 280
i_batch= 320
i_batch= 360
i_batch= 400
1 70
i_batch= 40
i_batch= 80
i_batch= 120
i_batch= 160
i_batch= 200
i_batch= 240
i_batch= 280
i_batch= 320
i_batch= 360
i_batch= 400
1 75
i_batch= 40
i_batch= 80
i_batch= 120
i_batch= 160
i_batch= 200
i_batch= 240
i_batch= 280
i_batch= 320
i_batch= 360
i_batch= 400
1 80
i_batch= 40
i_batch= 80
i_batch= 120
i_batch= 160
i_batch= 200
i_batch= 240
i_batch= 280
i_batch= 320
i_batch= 360
i_batch= 400
1 85
i_batch= 40
i_batch= 80
i_batch= 120
i_batch= 160
i_batch= 200
i_batch= 240
i_batch= 280
i_batch= 320
i_batch= 360
i_batch= 400
1 90
i_batch= 40
i_batch= 80
i_batch= 120
i_batch= 160
i_batch= 200
i_batch= 240
i_batch= 280
i_batch= 320
i_batch= 360
i_batch= 400
1 95
i_batch= 40
i_batch= 80
i_batch= 120
i_batch= 160
i_batch= 200
i_batch= 240
i_batch= 280
i_batch= 320
i_batch= 360
i_batch= 400
1 100
i_batch= 40
i_batch= 80
i_batch= 120
i_batch= 160
i_batch= 200
i_batch= 240
i_batch= 280
i_batch= 320
i_batch= 360
i_batch= 400
1 105
i_batch= 40
i_batch= 80
i_batch= 120
i_batch= 160
i_batch= 200
i_batch= 240
i_batch= 280
i_batch= 320
i_batch= 360
i_batch= 400
1 110
i_batch= 40
i_batch= 80
i_batch= 120
i_batch= 160
i_batch= 200
i_batch= 240
i_batch= 280
i_batch= 320
i_batch= 360
i_batch= 400
1 115
i_batch= 40
i_batch= 80
i_batch= 120
i_batch= 160
i_batch= 200
i_batch= 240
i_batch= 280
i_batch= 320
i_batch= 360
i_batch= 400
1 120
i_batch= 40
i_batch= 80
i_batch= 120
i_batch= 160
i_batch= 200
i_batch= 240
i_batch= 280
i_batch= 320
i_batch= 360
i_batch= 400
unperturbed patterns= [[ 0.05604517  6.00439831  0.96887924  1.73528352 11.11285047  0.67708774]
 [ 2.35026466  0.24623528  1.37470787  0.11126918  0.18157625  0.4040892 ]
 [ 4.75201723  3.36296956  4.3132148   0.4154097   2.25717489  2.41947848]]
1 10
i_batch= 40
i_batch= 80
i_batch= 120
i_batch= 160
i_batch= 200
i_batch= 240
i_batch= 280
i_batch= 320
i_batch= 360
i_batch= 400
1 15
i_batch= 40
i_batch= 80
i_batch= 120
i_batch= 160
i_batch= 200
i_batch= 240
i_batch= 280
i_batch= 320
i_batch= 360
i_batch= 400
1 20
i_batch= 40
i_batch= 80
i_batch= 120
i_batch= 160
i_batch= 200
i_batch= 240
i_batch= 280
i_batch= 320
i_batch= 360
i_batch= 400
1 25
i_batch= 40
i_batch= 80
i_batch= 120
i_batch= 160
i_batch= 200
i_batch= 240
i_batch= 280
i_batch= 320
i_batch= 360
i_batch= 400
1 30
i_batch= 40
i_batch= 80
i_batch= 120
i_batch= 160
i_batch= 200
i_batch= 240
i_batch= 280
i_batch= 320
i_batch= 360
i_batch= 400
1 35
i_batch= 40
i_batch= 80
i_batch= 120
i_batch= 160
i_batch= 200
i_batch= 240
i_batch= 280
i_batch= 320
i_batch= 360
i_batch= 400
1 40
i_batch= 40
i_batch= 80
i_batch= 120
i_batch= 160
i_batch= 200
i_batch= 240
i_batch= 280
i_batch= 320
i_batch= 360
i_batch= 400
1 45
i_batch= 40
i_batch= 80
i_batch= 120
i_batch= 160
i_batch= 200
i_batch= 240
i_batch= 280
i_batch= 320
i_batch= 360
i_batch= 400
1 50
i_batch= 40
i_batch= 80
i_batch= 120
i_batch= 160
i_batch= 200
i_batch= 240
i_batch= 280
i_batch= 320
i_batch= 360
i_batch= 400
1 55
i_batch= 40
i_batch= 80
i_batch= 120
i_batch= 160
i_batch= 200
i_batch= 240
i_batch= 280
i_batch= 320
i_batch= 360
i_batch= 400
1 60
i_batch= 40
i_batch= 80
i_batch= 120
i_batch= 160
i_batch= 200
i_batch= 240
i_batch= 280
i_batch= 320
i_batch= 360
i_batch= 400
1 65
i_batch= 40
i_batch= 80
i_batch= 120
i_batch= 160
i_batch= 200
i_batch= 240
i_batch= 280
i_batch= 320
i_batch= 360
i_batch= 400
1 70
i_batch= 40
i_batch= 80
i_batch= 120
i_batch= 160
i_batch= 200
i_batch= 240
i_batch= 280
i_batch= 320
i_batch= 360
i_batch= 400
1 75
i_batch= 40
i_batch= 80
i_batch= 120
i_batch= 160
i_batch= 200
i_batch= 240
i_batch= 280
i_batch= 320
i_batch= 360
i_batch= 400
1 80
i_batch= 40
i_batch= 80
i_batch= 120
i_batch= 160
i_batch= 200
i_batch= 240
i_batch= 280
i_batch= 320
i_batch= 360
i_batch= 400
1 85
i_batch= 40
i_batch= 80
i_batch= 120
i_batch= 160
i_batch= 200
i_batch= 240
i_batch= 280
i_batch= 320
i_batch= 360
i_batch= 400
1 90
i_batch= 40
i_batch= 80
i_batch= 120
i_batch= 160
i_batch= 200
i_batch= 240
i_batch= 280
i_batch= 320
i_batch= 360
i_batch= 400
1 95
i_batch= 40
i_batch= 80
i_batch= 120
i_batch= 160
i_batch= 200
i_batch= 240
i_batch= 280
i_batch= 320
i_batch= 360
i_batch= 400
1 100
i_batch= 40
i_batch= 80
i_batch= 120
i_batch= 160
i_batch= 200
i_batch= 240
i_batch= 280
i_batch= 320
i_batch= 360
i_batch= 400
1 105
i_batch= 40
i_batch= 80
i_batch= 120
i_batch= 160
i_batch= 200
i_batch= 240
i_batch= 280
i_batch= 320
i_batch= 360
i_batch= 400
1 110
i_batch= 40
i_batch= 80
i_batch= 120
i_batch= 160
i_batch= 200
i_batch= 240
i_batch= 280
i_batch= 320
i_batch= 360
i_batch= 400
1 115
i_batch= 40
i_batch= 80
i_batch= 120
i_batch= 160
i_batch= 200
i_batch= 240
i_batch= 280
i_batch= 320
i_batch= 360
i_batch= 400
1 120
i_batch= 40
i_batch= 80
i_batch= 120
i_batch= 160
i_batch= 200
i_batch= 240
i_batch= 280
i_batch= 320
i_batch= 360
i_batch= 400
unperturbed patterns= [[0.21529303 1.57008129 1.8705645  0.24670292 0.08798421 5.43276018]
 [2.54552029 2.93488056 1.56929194 0.75854159 4.71156329 1.4311985 ]
 [1.79351836 2.00121212 0.4659417  2.19891252 0.54080437 2.48823072]]
1 10
i_batch= 40
i_batch= 80
i_batch= 120
i_batch= 160
i_batch= 200
i_batch= 240
i_batch= 280
i_batch= 320
i_batch= 360
i_batch= 400
1 15
i_batch= 40
i_batch= 80
i_batch= 120
i_batch= 160
i_batch= 200
i_batch= 240
i_batch= 280
i_batch= 320
i_batch= 360
i_batch= 400
1 20
i_batch= 40
i_batch= 80
i_batch= 120
i_batch= 160
i_batch= 200
i_batch= 240
i_batch= 280
i_batch= 320
i_batch= 360
i_batch= 400
1 25
i_batch= 40
i_batch= 80
i_batch= 120
i_batch= 160
i_batch= 200
i_batch= 240
i_batch= 280
i_batch= 320
i_batch= 360
i_batch= 400
1 30
i_batch= 40
i_batch= 80
i_batch= 120
i_batch= 160
i_batch= 200
i_batch= 240
i_batch= 280
i_batch= 320
i_batch= 360
i_batch= 400
1 35
i_batch= 40
i_batch= 80
i_batch= 120
i_batch= 160
i_batch= 200
i_batch= 240
i_batch= 280
i_batch= 320
i_batch= 360
i_batch= 400
1 40
i_batch= 40
i_batch= 80
i_batch= 120
i_batch= 160
i_batch= 200
i_batch= 240
i_batch= 280
i_batch= 320
i_batch= 360
i_batch= 400
1 45
i_batch= 40
i_batch= 80
i_batch= 120
i_batch= 160
i_batch= 200
i_batch= 240
i_batch= 280
i_batch= 320
i_batch= 360
i_batch= 400
1 50
i_batch= 40
i_batch= 80
i_batch= 120
i_batch= 160
i_batch= 200
i_batch= 240
i_batch= 280
i_batch= 320
i_batch= 360
i_batch= 400
1 55
i_batch= 40
i_batch= 80
i_batch= 120
i_batch= 160
i_batch= 200
i_batch= 240
i_batch= 280
i_batch= 320
i_batch= 360
i_batch= 400
1 60
i_batch= 40
i_batch= 80
i_batch= 120
i_batch= 160
i_batch= 200
i_batch= 240
i_batch= 280
i_batch= 320
i_batch= 360
i_batch= 400
1 65
i_batch= 40
i_batch= 80
i_batch= 120
i_batch= 160
i_batch= 200
i_batch= 240
i_batch= 280
i_batch= 320
i_batch= 360
i_batch= 400
1 70
i_batch= 40
i_batch= 80
i_batch= 120
i_batch= 160
i_batch= 200
i_batch= 240
i_batch= 280
i_batch= 320
i_batch= 360
i_batch= 400
1 75
i_batch= 40
i_batch= 80
i_batch= 120
i_batch= 160
i_batch= 200
i_batch= 240
i_batch= 280
i_batch= 320
i_batch= 360
i_batch= 400
1 80
i_batch= 40
i_batch= 80
i_batch= 120
i_batch= 160
i_batch= 200
i_batch= 240
i_batch= 280
i_batch= 320
i_batch= 360
i_batch= 400
1 85
i_batch= 40
i_batch= 80
i_batch= 120
i_batch= 160
i_batch= 200
i_batch= 240
i_batch= 280
i_batch= 320
i_batch= 360
i_batch= 400
1 90
i_batch= 40
i_batch= 80
i_batch= 120
i_batch= 160
i_batch= 200
i_batch= 240
i_batch= 280
i_batch= 320
i_batch= 360
i_batch= 400
1 95
i_batch= 40
i_batch= 80
i_batch= 120
i_batch= 160
i_batch= 200
i_batch= 240
i_batch= 280
i_batch= 320
i_batch= 360
i_batch= 400
1 100
i_batch= 40
i_batch= 80
i_batch= 120
i_batch= 160
i_batch= 200
i_batch= 240
i_batch= 280
i_batch= 320
i_batch= 360
i_batch= 400
1 105
i_batch= 40
i_batch= 80
i_batch= 120
i_batch= 160
i_batch= 200
i_batch= 240
i_batch= 280
i_batch= 320
i_batch= 360
i_batch= 400
1 110
i_batch= 40
i_batch= 80
i_batch= 120
i_batch= 160
i_batch= 200
i_batch= 240
i_batch= 280
i_batch= 320
i_batch= 360
i_batch= 400
1 115
i_batch= 40
i_batch= 80
i_batch= 120
i_batch= 160
i_batch= 200
i_batch= 240
i_batch= 280
i_batch= 320
i_batch= 360
i_batch= 400
1 120
i_batch= 40
i_batch= 80
i_batch= 120
i_batch= 160
i_batch= 200
i_batch= 240
i_batch= 280
i_batch= 320
i_batch= 360
i_batch= 400
unperturbed patterns= [[0.35803623 1.44120666 0.29186813 1.23479634 0.12901328 1.19429183]
 [0.87075114 1.4219414  7.94001555 0.49668637 0.477424   0.02715556]
 [0.153692   1.15301963 5.21833255 0.45185826 0.99230497 3.82692569]]
1 10
i_batch= 40
i_batch= 80
i_batch= 120
i_batch= 160
i_batch= 200
i_batch= 240
i_batch= 280
i_batch= 320
i_batch= 360
i_batch= 400
1 15
i_batch= 40
i_batch= 80
i_batch= 120
i_batch= 160
i_batch= 200
i_batch= 240
i_batch= 280
i_batch= 320
i_batch= 360
i_batch= 400
1 20
i_batch= 40
i_batch= 80
i_batch= 120
i_batch= 160
i_batch= 200
i_batch= 240
i_batch= 280
i_batch= 320
i_batch= 360
i_batch= 400
1 25
i_batch= 40
i_batch= 80
i_batch= 120
i_batch= 160
i_batch= 200
i_batch= 240
i_batch= 280
i_batch= 320
i_batch= 360
i_batch= 400
1 30
i_batch= 40
i_batch= 80
i_batch= 120
i_batch= 160
i_batch= 200
i_batch= 240
i_batch= 280
i_batch= 320
i_batch= 360
i_batch= 400
1 35
i_batch= 40
i_batch= 80
i_batch= 120
i_batch= 160
i_batch= 200
i_batch= 240
i_batch= 280
i_batch= 320
i_batch= 360
i_batch= 400
1 40
i_batch= 40
i_batch= 80
i_batch= 120
i_batch= 160
i_batch= 200
i_batch= 240
i_batch= 280
i_batch= 320
i_batch= 360
i_batch= 400
1 45
i_batch= 40
i_batch= 80
i_batch= 120
i_batch= 160
i_batch= 200
i_batch= 240
i_batch= 280
i_batch= 320
i_batch= 360
i_batch= 400
1 50
i_batch= 40
i_batch= 80
i_batch= 120
i_batch= 160
i_batch= 200
i_batch= 240
i_batch= 280
i_batch= 320
i_batch= 360
i_batch= 400
1 55
i_batch= 40
i_batch= 80
i_batch= 120
i_batch= 160
i_batch= 200
i_batch= 240
i_batch= 280
i_batch= 320
i_batch= 360
i_batch= 400
1 60
i_batch= 40
i_batch= 80
i_batch= 120
i_batch= 160
i_batch= 200
i_batch= 240
i_batch= 280
i_batch= 320
i_batch= 360
i_batch= 400
1 65
i_batch= 40
i_batch= 80
i_batch= 120
i_batch= 160
i_batch= 200
i_batch= 240
i_batch= 280
i_batch= 320
i_batch= 360
i_batch= 400
1 70
i_batch= 40
i_batch= 80
i_batch= 120
i_batch= 160
i_batch= 200
i_batch= 240
i_batch= 280
i_batch= 320
i_batch= 360
i_batch= 400
1 75
i_batch= 40
i_batch= 80
i_batch= 120
i_batch= 160
i_batch= 200
i_batch= 240
i_batch= 280
i_batch= 320
i_batch= 360
i_batch= 400
1 80
i_batch= 40
i_batch= 80
i_batch= 120
i_batch= 160
i_batch= 200
i_batch= 240
i_batch= 280
i_batch= 320
i_batch= 360
i_batch= 400
1 85
i_batch= 40
i_batch= 80
i_batch= 120
i_batch= 160
i_batch= 200
i_batch= 240
i_batch= 280
i_batch= 320
i_batch= 360
i_batch= 400
1 90
i_batch= 40
i_batch= 80
i_batch= 120
i_batch= 160
i_batch= 200
i_batch= 240
i_batch= 280
i_batch= 320
i_batch= 360
i_batch= 400
1 95
i_batch= 40
i_batch= 80
i_batch= 120
i_batch= 160
i_batch= 200
i_batch= 240
i_batch= 280
i_batch= 320
i_batch= 360
i_batch= 400
1 100
i_batch= 40
i_batch= 80
i_batch= 120
i_batch= 160
i_batch= 200
i_batch= 240
i_batch= 280
i_batch= 320
i_batch= 360
i_batch= 400
1 105
i_batch= 40
i_batch= 80
i_batch= 120
i_batch= 160
i_batch= 200
i_batch= 240
i_batch= 280
i_batch= 320
i_batch= 360
i_batch= 400
1 110
i_batch= 40
i_batch= 80
i_batch= 120
i_batch= 160
i_batch= 200
i_batch= 240
i_batch= 280
i_batch= 320
i_batch= 360
i_batch= 400
1 115
i_batch= 40
i_batch= 80
i_batch= 120
i_batch= 160
i_batch= 200
i_batch= 240
i_batch= 280
i_batch= 320
i_batch= 360
i_batch= 400
1 120
i_batch= 40
i_batch= 80
i_batch= 120
i_batch= 160
i_batch= 200
i_batch= 240
i_batch= 280
i_batch= 320
i_batch= 360
i_batch= 400
unperturbed patterns= [[0.24210439 3.80810162 1.1176161  1.79525379 3.85123413 1.86487811]
 [2.62936054 3.86679376 1.54553436 1.16418877 1.53638564 1.75991962]
 [0.64050299 1.73727974 0.88410739 0.27534277 3.27877405 0.43660423]]
1 10
i_batch= 40
i_batch= 80
i_batch= 120
i_batch= 160
i_batch= 200
i_batch= 240
i_batch= 280
i_batch= 320
i_batch= 360
i_batch= 400
1 15
i_batch= 40
i_batch= 80
i_batch= 120
i_batch= 160
i_batch= 200
i_batch= 240
i_batch= 280
i_batch= 320
i_batch= 360
i_batch= 400
1 20
i_batch= 40
i_batch= 80
i_batch= 120
i_batch= 160
i_batch= 200
i_batch= 240
i_batch= 280
i_batch= 320
i_batch= 360
i_batch= 400
1 25
i_batch= 40
i_batch= 80
i_batch= 120
i_batch= 160
i_batch= 200
i_batch= 240
i_batch= 280
i_batch= 320
i_batch= 360
i_batch= 400
1 30
i_batch= 40
i_batch= 80
i_batch= 120
i_batch= 160
i_batch= 200
i_batch= 240
i_batch= 280
i_batch= 320
i_batch= 360
i_batch= 400
1 35
i_batch= 40
i_batch= 80
i_batch= 120
i_batch= 160
i_batch= 200
i_batch= 240
i_batch= 280
i_batch= 320
i_batch= 360
i_batch= 400
1 40
i_batch= 40
i_batch= 80
i_batch= 120
i_batch= 160
i_batch= 200
i_batch= 240
i_batch= 280
i_batch= 320
i_batch= 360
i_batch= 400
1 45
i_batch= 40
i_batch= 80
i_batch= 120
i_batch= 160
i_batch= 200
i_batch= 240
i_batch= 280
i_batch= 320
i_batch= 360
i_batch= 400
1 50
i_batch= 40
i_batch= 80
i_batch= 120
i_batch= 160
i_batch= 200
i_batch= 240
i_batch= 280
i_batch= 320
i_batch= 360
i_batch= 400
1 55
i_batch= 40
i_batch= 80
i_batch= 120
i_batch= 160
i_batch= 200
i_batch= 240
i_batch= 280
i_batch= 320
i_batch= 360
i_batch= 400
1 60
i_batch= 40
i_batch= 80
i_batch= 120
i_batch= 160
i_batch= 200
i_batch= 240
i_batch= 280
i_batch= 320
i_batch= 360
i_batch= 400
1 65
i_batch= 40
i_batch= 80
i_batch= 120
i_batch= 160
i_batch= 200
i_batch= 240
i_batch= 280
i_batch= 320
i_batch= 360
i_batch= 400
1 70
i_batch= 40
i_batch= 80
i_batch= 120
i_batch= 160
i_batch= 200
i_batch= 240
i_batch= 280
i_batch= 320
i_batch= 360
i_batch= 400
1 75
i_batch= 40
i_batch= 80
i_batch= 120
i_batch= 160
i_batch= 200
i_batch= 240
i_batch= 280
i_batch= 320
i_batch= 360
i_batch= 400
1 80
i_batch= 40
i_batch= 80
i_batch= 120
i_batch= 160
i_batch= 200
i_batch= 240
i_batch= 280
i_batch= 320
i_batch= 360
i_batch= 400
1 85
i_batch= 40
i_batch= 80
i_batch= 120
i_batch= 160
i_batch= 200
i_batch= 240
i_batch= 280
i_batch= 320
i_batch= 360
i_batch= 400
1 90
i_batch= 40
i_batch= 80
i_batch= 120
i_batch= 160
i_batch= 200
i_batch= 240
i_batch= 280
i_batch= 320
i_batch= 360
i_batch= 400
1 95
i_batch= 40
i_batch= 80
i_batch= 120
i_batch= 160
i_batch= 200
i_batch= 240
i_batch= 280
i_batch= 320
i_batch= 360
i_batch= 400
1 100
i_batch= 40
i_batch= 80
i_batch= 120
i_batch= 160
i_batch= 200
i_batch= 240
i_batch= 280
i_batch= 320
i_batch= 360
i_batch= 400
1 105
i_batch= 40
i_batch= 80
i_batch= 120
i_batch= 160
i_batch= 200
i_batch= 240
i_batch= 280
i_batch= 320
i_batch= 360
i_batch= 400
1 110
i_batch= 40
i_batch= 80
i_batch= 120
i_batch= 160
i_batch= 200
i_batch= 240
i_batch= 280
i_batch= 320
i_batch= 360
i_batch= 400
1 115
i_batch= 40
i_batch= 80
i_batch= 120
i_batch= 160
i_batch= 200
i_batch= 240
i_batch= 280
i_batch= 320
i_batch= 360
i_batch= 400
1 120
i_batch= 40
i_batch= 80
i_batch= 120
i_batch= 160
i_batch= 200
i_batch= 240
i_batch= 280
i_batch= 320
i_batch= 360
i_batch= 400
unperturbed patterns= [[ 2.72738265  3.31926065  1.70720019  5.92941071  0.98828031  0.34258855]
 [10.9571751   5.2224255   1.84697445  5.72161153  0.41327905 23.51898325]
 [ 0.05005233  0.66447632  1.9054716   1.13398926  1.01701624  0.998315  ]]
1 10
i_batch= 40
i_batch= 80
i_batch= 120
i_batch= 160
i_batch= 200
i_batch= 240
i_batch= 280
i_batch= 320
i_batch= 360
i_batch= 400
1 15
i_batch= 40
i_batch= 80
i_batch= 120
i_batch= 160
i_batch= 200
i_batch= 240
i_batch= 280
i_batch= 320
i_batch= 360
i_batch= 400
1 20
i_batch= 40
i_batch= 80
i_batch= 120
i_batch= 160
i_batch= 200
i_batch= 240
i_batch= 280
i_batch= 320
i_batch= 360
i_batch= 400
1 25
i_batch= 40
i_batch= 80
i_batch= 120
i_batch= 160
i_batch= 200
i_batch= 240
i_batch= 280
i_batch= 320
i_batch= 360
i_batch= 400
1 30
i_batch= 40
i_batch= 80
i_batch= 120
i_batch= 160
i_batch= 200
i_batch= 240
i_batch= 280
i_batch= 320
i_batch= 360
i_batch= 400
1 35
i_batch= 40
i_batch= 80
i_batch= 120
i_batch= 160
i_batch= 200
i_batch= 240
i_batch= 280
i_batch= 320
i_batch= 360
i_batch= 400
1 40
i_batch= 40
i_batch= 80
i_batch= 120
i_batch= 160
i_batch= 200
i_batch= 240
i_batch= 280
i_batch= 320
i_batch= 360
i_batch= 400
1 45
i_batch= 40
i_batch= 80
i_batch= 120
i_batch= 160
i_batch= 200
i_batch= 240
i_batch= 280
i_batch= 320
i_batch= 360
i_batch= 400
1 50
i_batch= 40
i_batch= 80
i_batch= 120
i_batch= 160
i_batch= 200
i_batch= 240
i_batch= 280
i_batch= 320
i_batch= 360
i_batch= 400
1 55
i_batch= 40
i_batch= 80
i_batch= 120
i_batch= 160
i_batch= 200
i_batch= 240
i_batch= 280
i_batch= 320
i_batch= 360
i_batch= 400
1 60
i_batch= 40
i_batch= 80
i_batch= 120
i_batch= 160
i_batch= 200
i_batch= 240
i_batch= 280
i_batch= 320
i_batch= 360
i_batch= 400
1 65
i_batch= 40
i_batch= 80
i_batch= 120
i_batch= 160
i_batch= 200
i_batch= 240
i_batch= 280
i_batch= 320
i_batch= 360
i_batch= 400
1 70
i_batch= 40
i_batch= 80
i_batch= 120
i_batch= 160
i_batch= 200
i_batch= 240
i_batch= 280
i_batch= 320
i_batch= 360
i_batch= 400
1 75
i_batch= 40
i_batch= 80
i_batch= 120
i_batch= 160
i_batch= 200
i_batch= 240
i_batch= 280
i_batch= 320
i_batch= 360
i_batch= 400
1 80
i_batch= 40
i_batch= 80
i_batch= 120
i_batch= 160
i_batch= 200
i_batch= 240
i_batch= 280
i_batch= 320
i_batch= 360
i_batch= 400
1 85
i_batch= 40
i_batch= 80
i_batch= 120
i_batch= 160
i_batch= 200
i_batch= 240
i_batch= 280
i_batch= 320
i_batch= 360
i_batch= 400
1 90
i_batch= 40
i_batch= 80
i_batch= 120
i_batch= 160
i_batch= 200
i_batch= 240
i_batch= 280
i_batch= 320
i_batch= 360
i_batch= 400
1 95
i_batch= 40
i_batch= 80
i_batch= 120
i_batch= 160
i_batch= 200
i_batch= 240
i_batch= 280
i_batch= 320
i_batch= 360
i_batch= 400
1 100
i_batch= 40
i_batch= 80
i_batch= 120
i_batch= 160
i_batch= 200
i_batch= 240
i_batch= 280
i_batch= 320
i_batch= 360
i_batch= 400
1 105
i_batch= 40
i_batch= 80
i_batch= 120
i_batch= 160
i_batch= 200
i_batch= 240
i_batch= 280
i_batch= 320
i_batch= 360
i_batch= 400
1 110
i_batch= 40
i_batch= 80
i_batch= 120
i_batch= 160
i_batch= 200
i_batch= 240
i_batch= 280
i_batch= 320
i_batch= 360
i_batch= 400
1 115
i_batch= 40
i_batch= 80
i_batch= 120
i_batch= 160
i_batch= 200
i_batch= 240
i_batch= 280
i_batch= 320
i_batch= 360
i_batch= 400
1 120
i_batch= 40
i_batch= 80
i_batch= 120
i_batch= 160
i_batch= 200
i_batch= 240
i_batch= 280
i_batch= 320
i_batch= 360
i_batch= 400
unperturbed patterns= [[3.61515698 0.85349049 1.22838507 1.81063793 0.61667112 3.65563001]
 [0.01885145 0.73074087 2.62995764 0.46791645 2.00353948 2.42199537]
 [5.29629064 9.56932187 2.3776364  0.72609922 7.04976974 1.23742493]]
1 10
i_batch= 40
i_batch= 80
i_batch= 120
i_batch= 160
i_batch= 200
i_batch= 240
i_batch= 280
i_batch= 320
i_batch= 360
i_batch= 400
1 15
i_batch= 40
i_batch= 80
i_batch= 120
i_batch= 160
i_batch= 200
i_batch= 240
i_batch= 280
i_batch= 320
i_batch= 360
i_batch= 400
1 20
i_batch= 40
i_batch= 80
i_batch= 120
i_batch= 160
i_batch= 200
i_batch= 240
i_batch= 280
i_batch= 320
i_batch= 360
i_batch= 400
1 25
i_batch= 40
i_batch= 80
i_batch= 120
i_batch= 160
i_batch= 200
i_batch= 240
i_batch= 280
i_batch= 320
i_batch= 360
i_batch= 400
1 30
i_batch= 40
i_batch= 80
i_batch= 120
i_batch= 160
i_batch= 200
i_batch= 240
i_batch= 280
i_batch= 320
i_batch= 360
i_batch= 400
1 35
i_batch= 40
i_batch= 80
i_batch= 120
i_batch= 160
i_batch= 200
i_batch= 240
i_batch= 280
i_batch= 320
i_batch= 360
i_batch= 400
1 40
i_batch= 40
i_batch= 80
i_batch= 120
i_batch= 160
i_batch= 200
i_batch= 240
i_batch= 280
i_batch= 320
i_batch= 360
i_batch= 400
1 45
i_batch= 40
i_batch= 80
i_batch= 120
i_batch= 160
i_batch= 200
i_batch= 240
i_batch= 280
i_batch= 320
i_batch= 360
i_batch= 400
1 50
i_batch= 40
i_batch= 80
i_batch= 120
i_batch= 160
i_batch= 200
i_batch= 240
i_batch= 280
i_batch= 320
i_batch= 360
i_batch= 400
1 55
i_batch= 40
i_batch= 80
i_batch= 120
i_batch= 160
i_batch= 200
i_batch= 240
i_batch= 280
i_batch= 320
i_batch= 360
i_batch= 400
1 60
i_batch= 40
i_batch= 80
i_batch= 120
i_batch= 160
i_batch= 200
i_batch= 240
i_batch= 280
i_batch= 320
i_batch= 360
i_batch= 400
1 65
i_batch= 40
i_batch= 80
i_batch= 120
i_batch= 160
i_batch= 200
i_batch= 240
i_batch= 280
i_batch= 320
i_batch= 360
i_batch= 400
1 70
i_batch= 40
i_batch= 80
i_batch= 120
i_batch= 160
i_batch= 200
i_batch= 240
i_batch= 280
i_batch= 320
i_batch= 360
i_batch= 400
1 75
i_batch= 40
i_batch= 80
i_batch= 120
i_batch= 160
i_batch= 200
i_batch= 240
i_batch= 280
i_batch= 320
i_batch= 360
i_batch= 400
1 80
i_batch= 40
i_batch= 80
i_batch= 120
i_batch= 160
i_batch= 200
i_batch= 240
i_batch= 280
i_batch= 320
i_batch= 360
i_batch= 400
1 85
i_batch= 40
i_batch= 80
i_batch= 120
i_batch= 160
i_batch= 200
i_batch= 240
i_batch= 280
i_batch= 320
i_batch= 360
i_batch= 400
1 90
i_batch= 40
i_batch= 80
i_batch= 120
i_batch= 160
i_batch= 200
i_batch= 240
i_batch= 280
i_batch= 320
i_batch= 360
i_batch= 400
1 95
i_batch= 40
i_batch= 80
i_batch= 120
i_batch= 160
i_batch= 200
i_batch= 240
i_batch= 280
i_batch= 320
i_batch= 360
i_batch= 400
1 100
i_batch= 40
i_batch= 80
i_batch= 120
i_batch= 160
i_batch= 200
i_batch= 240
i_batch= 280
i_batch= 320
i_batch= 360
i_batch= 400
1 105
i_batch= 40
i_batch= 80
i_batch= 120
i_batch= 160
i_batch= 200
i_batch= 240
i_batch= 280
i_batch= 320
i_batch= 360
i_batch= 400
1 110
i_batch= 40
i_batch= 80
i_batch= 120
i_batch= 160
i_batch= 200
i_batch= 240
i_batch= 280
i_batch= 320
i_batch= 360
i_batch= 400
1 115
i_batch= 40
i_batch= 80
i_batch= 120
i_batch= 160
i_batch= 200
i_batch= 240
i_batch= 280
i_batch= 320
i_batch= 360
i_batch= 400
1 120
i_batch= 40
i_batch= 80
i_batch= 120
i_batch= 160
i_batch= 200
i_batch= 240
i_batch= 280
i_batch= 320
i_batch= 360
i_batch= 400
unperturbed patterns= [[0.72163995 0.4607028  1.06241686 1.32875799 0.03437798 1.14686387]
 [1.68232796 1.56420494 0.7863863  5.83799531 1.90770989 1.27022826]
 [3.01160782 0.80448436 0.43376577 0.14215606 0.36262516 2.5773775 ]]
1 10
i_batch= 40
i_batch= 80
i_batch= 120
i_batch= 160
i_batch= 200
i_batch= 240
i_batch= 280
i_batch= 320
i_batch= 360
i_batch= 400
1 15
i_batch= 40
i_batch= 80
i_batch= 120
i_batch= 160
i_batch= 200
i_batch= 240
i_batch= 280
i_batch= 320
i_batch= 360
i_batch= 400
1 20
i_batch= 40
i_batch= 80
i_batch= 120
i_batch= 160
i_batch= 200
i_batch= 240
i_batch= 280
i_batch= 320
i_batch= 360
i_batch= 400
1 25
i_batch= 40
i_batch= 80
i_batch= 120
i_batch= 160
i_batch= 200
i_batch= 240
i_batch= 280
i_batch= 320
i_batch= 360
i_batch= 400
1 30
i_batch= 40
i_batch= 80
i_batch= 120
i_batch= 160
i_batch= 200
i_batch= 240
i_batch= 280
i_batch= 320
i_batch= 360
i_batch= 400
1 35
i_batch= 40
i_batch= 80
i_batch= 120
i_batch= 160
i_batch= 200
i_batch= 240
i_batch= 280
i_batch= 320
i_batch= 360
i_batch= 400
1 40
i_batch= 40
i_batch= 80
i_batch= 120
i_batch= 160
i_batch= 200
i_batch= 240
i_batch= 280
i_batch= 320
i_batch= 360
i_batch= 400
1 45
i_batch= 40
i_batch= 80
i_batch= 120
i_batch= 160
i_batch= 200
i_batch= 240
i_batch= 280
i_batch= 320
i_batch= 360
i_batch= 400
1 50
i_batch= 40
i_batch= 80
i_batch= 120
i_batch= 160
i_batch= 200
i_batch= 240
i_batch= 280
i_batch= 320
i_batch= 360
i_batch= 400
1 55
i_batch= 40
i_batch= 80
i_batch= 120
i_batch= 160
i_batch= 200
i_batch= 240
i_batch= 280
i_batch= 320
i_batch= 360
i_batch= 400
1 60
i_batch= 40
i_batch= 80
i_batch= 120
i_batch= 160
i_batch= 200
i_batch= 240
i_batch= 280
i_batch= 320
i_batch= 360
i_batch= 400
1 65
i_batch= 40
i_batch= 80
i_batch= 120
i_batch= 160
i_batch= 200
i_batch= 240
i_batch= 280
i_batch= 320
i_batch= 360
i_batch= 400
1 70
i_batch= 40
i_batch= 80
i_batch= 120
i_batch= 160
i_batch= 200
i_batch= 240
i_batch= 280
i_batch= 320
i_batch= 360
i_batch= 400
1 75
i_batch= 40
i_batch= 80
i_batch= 120
i_batch= 160
i_batch= 200
i_batch= 240
i_batch= 280
i_batch= 320
i_batch= 360
i_batch= 400
1 80
i_batch= 40
i_batch= 80
i_batch= 120
i_batch= 160
i_batch= 200
i_batch= 240
i_batch= 280
i_batch= 320
i_batch= 360
i_batch= 400
1 85
i_batch= 40
i_batch= 80
i_batch= 120
i_batch= 160
i_batch= 200
i_batch= 240
i_batch= 280
i_batch= 320
i_batch= 360
i_batch= 400
1 90
i_batch= 40
i_batch= 80
i_batch= 120
i_batch= 160
i_batch= 200
i_batch= 240
i_batch= 280
i_batch= 320
i_batch= 360
i_batch= 400
1 95
i_batch= 40
i_batch= 80
i_batch= 120
i_batch= 160
i_batch= 200
i_batch= 240
i_batch= 280
i_batch= 320
i_batch= 360
i_batch= 400
1 100
i_batch= 40
i_batch= 80
i_batch= 120
i_batch= 160
i_batch= 200
i_batch= 240
i_batch= 280
i_batch= 320
i_batch= 360
i_batch= 400
1 105
i_batch= 40
i_batch= 80
i_batch= 120
i_batch= 160
i_batch= 200
i_batch= 240
i_batch= 280
i_batch= 320
i_batch= 360
i_batch= 400
1 110
i_batch= 40
i_batch= 80
i_batch= 120
i_batch= 160
i_batch= 200
i_batch= 240
i_batch= 280
i_batch= 320
i_batch= 360
i_batch= 400
1 115
i_batch= 40
i_batch= 80
i_batch= 120
i_batch= 160
i_batch= 200
i_batch= 240
i_batch= 280
i_batch= 320
i_batch= 360
i_batch= 400
1 120
i_batch= 40
i_batch= 80
i_batch= 120
i_batch= 160
i_batch= 200
i_batch= 240
i_batch= 280
i_batch= 320
i_batch= 360
i_batch= 400
unperturbed patterns= [[ 0.7892235   0.20775026  0.89449946 13.73973938  0.15198555  0.56836297]
 [ 6.3797977   7.42518244  0.38365526  7.8347098   0.82654495  1.3033205 ]
 [ 0.6939702   2.27532607  1.20315879  1.10309765  0.88172127  0.26854248]]
1 10
i_batch= 40
i_batch= 80
i_batch= 120
i_batch= 160
i_batch= 200
i_batch= 240
i_batch= 280
i_batch= 320
i_batch= 360
i_batch= 400
1 15
i_batch= 40
i_batch= 80
i_batch= 120
i_batch= 160
i_batch= 200
i_batch= 240
i_batch= 280
i_batch= 320
i_batch= 360
i_batch= 400
1 20
i_batch= 40
i_batch= 80
i_batch= 120
i_batch= 160
i_batch= 200
i_batch= 240
i_batch= 280
i_batch= 320
i_batch= 360
i_batch= 400
1 25
i_batch= 40
i_batch= 80
i_batch= 120
i_batch= 160
i_batch= 200
i_batch= 240
i_batch= 280
i_batch= 320
i_batch= 360
i_batch= 400
1 30
i_batch= 40
i_batch= 80
i_batch= 120
i_batch= 160
i_batch= 200
i_batch= 240
i_batch= 280
i_batch= 320
i_batch= 360
i_batch= 400
1 35
i_batch= 40
i_batch= 80
i_batch= 120
i_batch= 160
i_batch= 200
i_batch= 240
i_batch= 280
i_batch= 320
i_batch= 360
i_batch= 400
1 40
i_batch= 40
i_batch= 80
i_batch= 120
i_batch= 160
i_batch= 200
i_batch= 240
i_batch= 280
i_batch= 320
i_batch= 360
i_batch= 400
1 45
i_batch= 40
i_batch= 80
i_batch= 120
i_batch= 160
i_batch= 200
i_batch= 240
i_batch= 280
i_batch= 320
i_batch= 360
i_batch= 400
1 50
i_batch= 40
i_batch= 80
i_batch= 120
i_batch= 160
i_batch= 200
i_batch= 240
i_batch= 280
i_batch= 320
i_batch= 360
i_batch= 400
1 55
i_batch= 40
i_batch= 80
i_batch= 120
i_batch= 160
i_batch= 200
i_batch= 240
i_batch= 280
i_batch= 320
i_batch= 360
i_batch= 400
1 60
i_batch= 40
i_batch= 80
i_batch= 120
i_batch= 160
i_batch= 200
i_batch= 240
i_batch= 280
i_batch= 320
i_batch= 360
i_batch= 400
1 65
i_batch= 40
i_batch= 80
i_batch= 120
i_batch= 160
i_batch= 200
i_batch= 240
i_batch= 280
i_batch= 320
i_batch= 360
i_batch= 400
1 70
i_batch= 40
i_batch= 80
i_batch= 120
i_batch= 160
i_batch= 200
i_batch= 240
i_batch= 280
i_batch= 320
i_batch= 360
i_batch= 400
1 75
i_batch= 40
i_batch= 80
i_batch= 120
i_batch= 160
i_batch= 200
i_batch= 240
i_batch= 280
i_batch= 320
i_batch= 360
i_batch= 400
1 80
i_batch= 40
i_batch= 80
i_batch= 120
i_batch= 160
i_batch= 200
i_batch= 240
i_batch= 280
i_batch= 320
i_batch= 360
i_batch= 400
1 85
i_batch= 40
i_batch= 80
i_batch= 120
i_batch= 160
i_batch= 200
i_batch= 240
i_batch= 280
i_batch= 320
i_batch= 360
i_batch= 400
1 90
i_batch= 40
i_batch= 80
i_batch= 120
i_batch= 160
i_batch= 200
i_batch= 240
i_batch= 280
i_batch= 320
i_batch= 360
i_batch= 400
1 95
i_batch= 40
i_batch= 80
i_batch= 120
i_batch= 160
i_batch= 200
i_batch= 240
i_batch= 280
i_batch= 320
i_batch= 360
i_batch= 400
1 100
i_batch= 40
i_batch= 80
i_batch= 120
i_batch= 160
i_batch= 200
i_batch= 240
i_batch= 280
i_batch= 320
i_batch= 360
i_batch= 400
1 105
i_batch= 40
i_batch= 80
i_batch= 120
i_batch= 160
i_batch= 200
i_batch= 240
i_batch= 280
i_batch= 320
i_batch= 360
i_batch= 400
1 110
i_batch= 40
i_batch= 80
i_batch= 120
i_batch= 160
i_batch= 200
i_batch= 240
i_batch= 280
i_batch= 320
i_batch= 360
i_batch= 400
1 115
i_batch= 40
i_batch= 80
i_batch= 120
i_batch= 160
i_batch= 200
i_batch= 240
i_batch= 280
i_batch= 320
i_batch= 360
i_batch= 400
1 120
i_batch= 40
i_batch= 80
i_batch= 120
i_batch= 160
i_batch= 200
i_batch= 240
i_batch= 280
i_batch= 320
i_batch= 360
i_batch= 400
unperturbed patterns= [[1.71777226 0.11665078 0.31751622 2.45226238 0.24071433 0.27735846]
 [0.21729589 0.15960544 1.30034205 5.01282422 0.21827255 0.37972282]
 [0.6289969  3.71925215 0.24178058 1.6198202  0.75660652 0.46138662]]
1 10
i_batch= 40
i_batch= 80
i_batch= 120
i_batch= 160
i_batch= 200
i_batch= 240
i_batch= 280
i_batch= 320
i_batch= 360
i_batch= 400
1 15
i_batch= 40
i_batch= 80
i_batch= 120
i_batch= 160
i_batch= 200
i_batch= 240
i_batch= 280
i_batch= 320
i_batch= 360
i_batch= 400
1 20
i_batch= 40
i_batch= 80
i_batch= 120
i_batch= 160
i_batch= 200
i_batch= 240
i_batch= 280
i_batch= 320
i_batch= 360
i_batch= 400
1 25
i_batch= 40
i_batch= 80
i_batch= 120
i_batch= 160
i_batch= 200
i_batch= 240
i_batch= 280
i_batch= 320
i_batch= 360
i_batch= 400
1 30
i_batch= 40
i_batch= 80
i_batch= 120
i_batch= 160
i_batch= 200
i_batch= 240
i_batch= 280
i_batch= 320
i_batch= 360
i_batch= 400
1 35
i_batch= 40
i_batch= 80
i_batch= 120
i_batch= 160
i_batch= 200
i_batch= 240
i_batch= 280
i_batch= 320
i_batch= 360
i_batch= 400
1 40
i_batch= 40
i_batch= 80
i_batch= 120
i_batch= 160
i_batch= 200
i_batch= 240
i_batch= 280
i_batch= 320
i_batch= 360
i_batch= 400
1 45
i_batch= 40
i_batch= 80
i_batch= 120
i_batch= 160
i_batch= 200
i_batch= 240
i_batch= 280
i_batch= 320
i_batch= 360
i_batch= 400
1 50
i_batch= 40
i_batch= 80
i_batch= 120
i_batch= 160
i_batch= 200
i_batch= 240
i_batch= 280
i_batch= 320
i_batch= 360
i_batch= 400
1 55
i_batch= 40
i_batch= 80
i_batch= 120
i_batch= 160
i_batch= 200
i_batch= 240
i_batch= 280
i_batch= 320
i_batch= 360
i_batch= 400
1 60
i_batch= 40
i_batch= 80
i_batch= 120
i_batch= 160
i_batch= 200
i_batch= 240
i_batch= 280
i_batch= 320
i_batch= 360
i_batch= 400
1 65
i_batch= 40
i_batch= 80
i_batch= 120
i_batch= 160
i_batch= 200
i_batch= 240
i_batch= 280
i_batch= 320
i_batch= 360
i_batch= 400
1 70
i_batch= 40
i_batch= 80
i_batch= 120
i_batch= 160
i_batch= 200
i_batch= 240
i_batch= 280
i_batch= 320
i_batch= 360
i_batch= 400
1 75
i_batch= 40
i_batch= 80
i_batch= 120
i_batch= 160
i_batch= 200
i_batch= 240
i_batch= 280
i_batch= 320
i_batch= 360
i_batch= 400
1 80
i_batch= 40
i_batch= 80
i_batch= 120
i_batch= 160
i_batch= 200
i_batch= 240
i_batch= 280
i_batch= 320
i_batch= 360
i_batch= 400
1 85
i_batch= 40
i_batch= 80
i_batch= 120
i_batch= 160
i_batch= 200
i_batch= 240
i_batch= 280
i_batch= 320
i_batch= 360
i_batch= 400
1 90
i_batch= 40
i_batch= 80
i_batch= 120
i_batch= 160
i_batch= 200
i_batch= 240
i_batch= 280
i_batch= 320
i_batch= 360
i_batch= 400
1 95
i_batch= 40
i_batch= 80
i_batch= 120
i_batch= 160
i_batch= 200
i_batch= 240
i_batch= 280
i_batch= 320
i_batch= 360
i_batch= 400
1 100
i_batch= 40
i_batch= 80
i_batch= 120
i_batch= 160
i_batch= 200
i_batch= 240
i_batch= 280
i_batch= 320
i_batch= 360
i_batch= 400
1 105
i_batch= 40
i_batch= 80
i_batch= 120
i_batch= 160
i_batch= 200
i_batch= 240
i_batch= 280
i_batch= 320
i_batch= 360
i_batch= 400
1 110
i_batch= 40
i_batch= 80
i_batch= 120
i_batch= 160
i_batch= 200
i_batch= 240
i_batch= 280
i_batch= 320
i_batch= 360
i_batch= 400
1 115
i_batch= 40
i_batch= 80
i_batch= 120
i_batch= 160
i_batch= 200
i_batch= 240
i_batch= 280
i_batch= 320
i_batch= 360
i_batch= 400
1 120
i_batch= 40
i_batch= 80
i_batch= 120
i_batch= 160
i_batch= 200
i_batch= 240
i_batch= 280
i_batch= 320
i_batch= 360
i_batch= 400
unperturbed patterns= [[ 0.30659782  6.33736201  1.12785028  2.12576309  2.46386915  1.97348743]
 [ 0.32091581  0.92728093  0.14866247  4.21904484  2.59815764 17.96844724]
 [ 0.69832351  0.34656354  0.62792059  1.69523628  0.16681187  0.31641954]]
1 10
i_batch= 40
i_batch= 80
i_batch= 120
i_batch= 160
i_batch= 200
i_batch= 240
i_batch= 280
i_batch= 320
i_batch= 360
i_batch= 400
1 15
i_batch= 40
i_batch= 80
i_batch= 120
i_batch= 160
i_batch= 200
i_batch= 240
i_batch= 280
i_batch= 320
i_batch= 360
i_batch= 400
1 20
i_batch= 40
i_batch= 80
i_batch= 120
i_batch= 160
i_batch= 200
i_batch= 240
i_batch= 280
i_batch= 320
i_batch= 360
i_batch= 400
1 25
i_batch= 40
i_batch= 80
i_batch= 120
i_batch= 160
i_batch= 200
i_batch= 240
i_batch= 280
i_batch= 320
i_batch= 360
i_batch= 400
1 30
i_batch= 40
i_batch= 80
i_batch= 120
i_batch= 160
i_batch= 200
i_batch= 240
i_batch= 280
i_batch= 320
i_batch= 360
i_batch= 400
1 35
i_batch= 40
i_batch= 80
i_batch= 120
i_batch= 160
i_batch= 200
i_batch= 240
i_batch= 280
i_batch= 320
i_batch= 360
i_batch= 400
1 40
i_batch= 40
i_batch= 80
i_batch= 120
i_batch= 160
i_batch= 200
i_batch= 240
i_batch= 280
i_batch= 320
i_batch= 360
i_batch= 400
1 45
i_batch= 40
i_batch= 80
i_batch= 120
i_batch= 160
i_batch= 200
i_batch= 240
i_batch= 280
i_batch= 320
i_batch= 360
i_batch= 400
1 50
i_batch= 40
i_batch= 80
i_batch= 120
i_batch= 160
i_batch= 200
i_batch= 240
i_batch= 280
i_batch= 320
i_batch= 360
i_batch= 400
1 55
i_batch= 40
i_batch= 80
i_batch= 120
i_batch= 160
i_batch= 200
i_batch= 240
i_batch= 280
i_batch= 320
i_batch= 360
i_batch= 400
1 60
i_batch= 40
i_batch= 80
i_batch= 120
i_batch= 160
i_batch= 200
i_batch= 240
i_batch= 280
i_batch= 320
i_batch= 360
i_batch= 400
1 65
i_batch= 40
i_batch= 80
i_batch= 120
i_batch= 160
i_batch= 200
i_batch= 240
i_batch= 280
i_batch= 320
i_batch= 360
i_batch= 400
1 70
i_batch= 40
i_batch= 80
i_batch= 120
i_batch= 160
i_batch= 200
i_batch= 240
i_batch= 280
i_batch= 320
i_batch= 360
i_batch= 400
1 75
i_batch= 40
i_batch= 80
i_batch= 120
i_batch= 160
i_batch= 200
i_batch= 240
i_batch= 280
i_batch= 320
i_batch= 360
i_batch= 400
1 80
i_batch= 40
i_batch= 80
i_batch= 120
i_batch= 160
i_batch= 200
i_batch= 240
i_batch= 280
i_batch= 320
i_batch= 360
i_batch= 400
1 85
i_batch= 40
i_batch= 80
i_batch= 120
i_batch= 160
i_batch= 200
i_batch= 240
i_batch= 280
i_batch= 320
i_batch= 360
i_batch= 400
1 90
i_batch= 40
i_batch= 80
i_batch= 120
i_batch= 160
i_batch= 200
i_batch= 240
i_batch= 280
i_batch= 320
i_batch= 360
i_batch= 400
1 95
i_batch= 40
i_batch= 80
i_batch= 120
i_batch= 160
i_batch= 200
i_batch= 240
i_batch= 280
i_batch= 320
i_batch= 360
i_batch= 400
1 100
i_batch= 40
i_batch= 80
i_batch= 120
i_batch= 160
i_batch= 200
i_batch= 240
i_batch= 280
i_batch= 320
i_batch= 360
i_batch= 400
1 105
i_batch= 40
i_batch= 80
i_batch= 120
i_batch= 160
i_batch= 200
i_batch= 240
i_batch= 280
i_batch= 320
i_batch= 360
i_batch= 400
1 110
i_batch= 40
i_batch= 80
i_batch= 120
i_batch= 160
i_batch= 200
i_batch= 240
i_batch= 280
i_batch= 320
i_batch= 360
i_batch= 400
1 115
i_batch= 40
i_batch= 80
i_batch= 120
i_batch= 160
i_batch= 200
i_batch= 240
i_batch= 280
i_batch= 320
i_batch= 360
i_batch= 400
1 120
i_batch= 40
i_batch= 80
i_batch= 120
i_batch= 160
i_batch= 200
i_batch= 240
i_batch= 280
i_batch= 320
i_batch= 360
i_batch= 400
unperturbed patterns= [[ 0.57251217  3.3334956   1.64059084  1.61248562  0.82162322  0.03750951]
 [ 0.47012755  1.29450599 12.75855622  4.32806613  0.08799973  1.16322286]
 [ 0.22688667  2.62391685  6.38718485  1.2593713   0.32224784  0.10457345]]
1 10
i_batch= 40
i_batch= 80
i_batch= 120
i_batch= 160
i_batch= 200
i_batch= 240
i_batch= 280
i_batch= 320
i_batch= 360
i_batch= 400
1 15
i_batch= 40
i_batch= 80
i_batch= 120
i_batch= 160
i_batch= 200
i_batch= 240
i_batch= 280
i_batch= 320
i_batch= 360
i_batch= 400
1 20
i_batch= 40
i_batch= 80
i_batch= 120
i_batch= 160
i_batch= 200
i_batch= 240
i_batch= 280
i_batch= 320
i_batch= 360
i_batch= 400
1 25
i_batch= 40
i_batch= 80
i_batch= 120
i_batch= 160
i_batch= 200
i_batch= 240
i_batch= 280
i_batch= 320
i_batch= 360
i_batch= 400
1 30
i_batch= 40
i_batch= 80
i_batch= 120
i_batch= 160
i_batch= 200
i_batch= 240
i_batch= 280
i_batch= 320
i_batch= 360
i_batch= 400
1 35
i_batch= 40
i_batch= 80
i_batch= 120
i_batch= 160
i_batch= 200
i_batch= 240
i_batch= 280
i_batch= 320
i_batch= 360
i_batch= 400
1 40
i_batch= 40
i_batch= 80
i_batch= 120
i_batch= 160
i_batch= 200
i_batch= 240
i_batch= 280
i_batch= 320
i_batch= 360
i_batch= 400
1 45
i_batch= 40
i_batch= 80
i_batch= 120
i_batch= 160
i_batch= 200
i_batch= 240
i_batch= 280
i_batch= 320
i_batch= 360
i_batch= 400
1 50
i_batch= 40
i_batch= 80
i_batch= 120
i_batch= 160
i_batch= 200
i_batch= 240
i_batch= 280
i_batch= 320
i_batch= 360
i_batch= 400
1 55
i_batch= 40
i_batch= 80
i_batch= 120
i_batch= 160
i_batch= 200
i_batch= 240
i_batch= 280
i_batch= 320
i_batch= 360
i_batch= 400
1 60
i_batch= 40
i_batch= 80
i_batch= 120
i_batch= 160
i_batch= 200
i_batch= 240
i_batch= 280
i_batch= 320
i_batch= 360
i_batch= 400
1 65
i_batch= 40
i_batch= 80
i_batch= 120
i_batch= 160
i_batch= 200
i_batch= 240
i_batch= 280
i_batch= 320
i_batch= 360
i_batch= 400
1 70
i_batch= 40
i_batch= 80
i_batch= 120
i_batch= 160
i_batch= 200
i_batch= 240
i_batch= 280
i_batch= 320
i_batch= 360
i_batch= 400
1 75
i_batch= 40
i_batch= 80
i_batch= 120
i_batch= 160
i_batch= 200
i_batch= 240
i_batch= 280
i_batch= 320
i_batch= 360
i_batch= 400
1 80
i_batch= 40
i_batch= 80
i_batch= 120
i_batch= 160
i_batch= 200
i_batch= 240
i_batch= 280
i_batch= 320
i_batch= 360
i_batch= 400
1 85
i_batch= 40
i_batch= 80
i_batch= 120
i_batch= 160
i_batch= 200
i_batch= 240
i_batch= 280
i_batch= 320
i_batch= 360
i_batch= 400
1 90
i_batch= 40
i_batch= 80
i_batch= 120
i_batch= 160
i_batch= 200
i_batch= 240
i_batch= 280
i_batch= 320
i_batch= 360
i_batch= 400
1 95
i_batch= 40
i_batch= 80
i_batch= 120
i_batch= 160
i_batch= 200
i_batch= 240
i_batch= 280
i_batch= 320
i_batch= 360
i_batch= 400
1 100
i_batch= 40
i_batch= 80
i_batch= 120
i_batch= 160
i_batch= 200
i_batch= 240
i_batch= 280
i_batch= 320
i_batch= 360
i_batch= 400
1 105
i_batch= 40
i_batch= 80
i_batch= 120
i_batch= 160
i_batch= 200
i_batch= 240
i_batch= 280
i_batch= 320
i_batch= 360
i_batch= 400
1 110
i_batch= 40
i_batch= 80
i_batch= 120
i_batch= 160
i_batch= 200
i_batch= 240
i_batch= 280
i_batch= 320
i_batch= 360
i_batch= 400
1 115
i_batch= 40
i_batch= 80
i_batch= 120
i_batch= 160
i_batch= 200
i_batch= 240
i_batch= 280
i_batch= 320
i_batch= 360
i_batch= 400
1 120
i_batch= 40
i_batch= 80
i_batch= 120
i_batch= 160
i_batch= 200
i_batch= 240
i_batch= 280
i_batch= 320
i_batch= 360
i_batch= 400
unperturbed patterns= [[ 1.46200757 15.19166377  0.13356216  6.9642117   0.34628331  2.00566859]
 [ 0.12843433  4.12337109  3.05515425  2.73027223  0.08028623  0.62515314]
 [ 6.11294998  1.43306772  0.50502935  2.37848754  1.69369472  0.33020956]]
1 10
i_batch= 40
i_batch= 80
i_batch= 120
i_batch= 160
i_batch= 200
i_batch= 240
i_batch= 280
i_batch= 320
i_batch= 360
i_batch= 400
1 15
i_batch= 40
i_batch= 80
i_batch= 120
i_batch= 160
i_batch= 200
i_batch= 240
i_batch= 280
i_batch= 320
i_batch= 360
i_batch= 400
1 20
i_batch= 40
i_batch= 80
i_batch= 120
i_batch= 160
i_batch= 200
i_batch= 240
i_batch= 280
i_batch= 320
i_batch= 360
i_batch= 400
1 25
i_batch= 40
i_batch= 80
i_batch= 120
i_batch= 160
i_batch= 200
i_batch= 240
i_batch= 280
i_batch= 320
i_batch= 360
i_batch= 400
1 30
i_batch= 40
i_batch= 80
i_batch= 120
i_batch= 160
i_batch= 200
i_batch= 240
i_batch= 280
i_batch= 320
i_batch= 360
i_batch= 400
1 35
i_batch= 40
i_batch= 80
i_batch= 120
i_batch= 160
i_batch= 200
i_batch= 240
i_batch= 280
i_batch= 320
i_batch= 360
i_batch= 400
1 40
i_batch= 40
i_batch= 80
i_batch= 120
i_batch= 160
i_batch= 200
i_batch= 240
i_batch= 280
i_batch= 320
i_batch= 360
i_batch= 400
1 45
i_batch= 40
i_batch= 80
i_batch= 120
i_batch= 160
i_batch= 200
i_batch= 240
i_batch= 280
i_batch= 320
i_batch= 360
i_batch= 400
1 50
i_batch= 40
i_batch= 80
i_batch= 120
i_batch= 160
i_batch= 200
i_batch= 240
i_batch= 280
i_batch= 320
i_batch= 360
i_batch= 400
1 55
i_batch= 40
i_batch= 80
i_batch= 120
i_batch= 160
i_batch= 200
i_batch= 240
i_batch= 280
i_batch= 320
i_batch= 360
i_batch= 400
1 60
i_batch= 40
i_batch= 80
i_batch= 120
i_batch= 160
i_batch= 200
i_batch= 240
i_batch= 280
i_batch= 320
i_batch= 360
i_batch= 400
1 65
i_batch= 40
i_batch= 80
i_batch= 120
i_batch= 160
i_batch= 200
i_batch= 240
i_batch= 280
i_batch= 320
i_batch= 360
i_batch= 400
1 70
i_batch= 40
i_batch= 80
i_batch= 120
i_batch= 160
i_batch= 200
i_batch= 240
i_batch= 280
i_batch= 320
i_batch= 360
i_batch= 400
1 75
i_batch= 40
i_batch= 80
i_batch= 120
i_batch= 160
i_batch= 200
i_batch= 240
i_batch= 280
i_batch= 320
i_batch= 360
i_batch= 400
1 80
i_batch= 40
i_batch= 80
i_batch= 120
i_batch= 160
i_batch= 200
i_batch= 240
i_batch= 280
i_batch= 320
i_batch= 360
i_batch= 400
1 85
i_batch= 40
i_batch= 80
i_batch= 120
i_batch= 160
i_batch= 200
i_batch= 240
i_batch= 280
i_batch= 320
i_batch= 360
i_batch= 400
1 90
i_batch= 40
i_batch= 80
i_batch= 120
i_batch= 160
i_batch= 200
i_batch= 240
i_batch= 280
i_batch= 320
i_batch= 360
i_batch= 400
1 95
i_batch= 40
i_batch= 80
i_batch= 120
i_batch= 160
i_batch= 200
i_batch= 240
i_batch= 280
i_batch= 320
i_batch= 360
i_batch= 400
1 100
i_batch= 40
i_batch= 80
i_batch= 120
i_batch= 160
i_batch= 200
i_batch= 240
i_batch= 280
i_batch= 320
i_batch= 360
i_batch= 400
1 105
i_batch= 40
i_batch= 80
i_batch= 120
i_batch= 160
i_batch= 200
i_batch= 240
i_batch= 280
i_batch= 320
i_batch= 360
i_batch= 400
1 110
i_batch= 40
i_batch= 80
i_batch= 120
i_batch= 160
i_batch= 200
i_batch= 240
i_batch= 280
i_batch= 320
i_batch= 360
i_batch= 400
1 115
i_batch= 40
i_batch= 80
i_batch= 120
i_batch= 160
i_batch= 200
i_batch= 240
i_batch= 280
i_batch= 320
i_batch= 360
i_batch= 400
1 120
i_batch= 40
i_batch= 80
i_batch= 120
i_batch= 160
i_batch= 200
i_batch= 240
i_batch= 280
i_batch= 320
i_batch= 360
i_batch= 400
unperturbed patterns= [[0.1270351  0.47017307 0.10750018 2.85604387 0.33091865 0.72981654]
 [3.27057348 0.58498662 0.26896754 2.35592812 1.06298012 0.47718631]
 [0.01604837 0.18430611 1.40627248 1.41201441 0.34093762 3.50507476]]
1 10
i_batch= 40
i_batch= 80
i_batch= 120
i_batch= 160
i_batch= 200
i_batch= 240
i_batch= 280
i_batch= 320
i_batch= 360
i_batch= 400
1 15
i_batch= 40
i_batch= 80
i_batch= 120
i_batch= 160
i_batch= 200
i_batch= 240
i_batch= 280
i_batch= 320
i_batch= 360
i_batch= 400
1 20
i_batch= 40
i_batch= 80
i_batch= 120
i_batch= 160
i_batch= 200
i_batch= 240
i_batch= 280
i_batch= 320
i_batch= 360
i_batch= 400
1 25
i_batch= 40
i_batch= 80
i_batch= 120
i_batch= 160
i_batch= 200
i_batch= 240
i_batch= 280
i_batch= 320
i_batch= 360
i_batch= 400
1 30
i_batch= 40
i_batch= 80
i_batch= 120
i_batch= 160
i_batch= 200
i_batch= 240
i_batch= 280
i_batch= 320
i_batch= 360
i_batch= 400
1 35
i_batch= 40
i_batch= 80
i_batch= 120
i_batch= 160
i_batch= 200
i_batch= 240
i_batch= 280
i_batch= 320
i_batch= 360
i_batch= 400
1 40
i_batch= 40
i_batch= 80
i_batch= 120
i_batch= 160
i_batch= 200
i_batch= 240
i_batch= 280
i_batch= 320
i_batch= 360
i_batch= 400
1 45
i_batch= 40
i_batch= 80
i_batch= 120
i_batch= 160
i_batch= 200
i_batch= 240
i_batch= 280
i_batch= 320
i_batch= 360
i_batch= 400
1 50
i_batch= 40
i_batch= 80
i_batch= 120
i_batch= 160
i_batch= 200
i_batch= 240
i_batch= 280
i_batch= 320
i_batch= 360
i_batch= 400
1 55
i_batch= 40
i_batch= 80
i_batch= 120
i_batch= 160
i_batch= 200
i_batch= 240
i_batch= 280
i_batch= 320
i_batch= 360
i_batch= 400
1 60
i_batch= 40
i_batch= 80
i_batch= 120
i_batch= 160
i_batch= 200
i_batch= 240
i_batch= 280
i_batch= 320
i_batch= 360
i_batch= 400
1 65
i_batch= 40
i_batch= 80
i_batch= 120
i_batch= 160
i_batch= 200
i_batch= 240
i_batch= 280
i_batch= 320
i_batch= 360
i_batch= 400
1 70
i_batch= 40
i_batch= 80
i_batch= 120
i_batch= 160
i_batch= 200
i_batch= 240
i_batch= 280
i_batch= 320
i_batch= 360
i_batch= 400
1 75
i_batch= 40
i_batch= 80
i_batch= 120
i_batch= 160
i_batch= 200
i_batch= 240
i_batch= 280
i_batch= 320
i_batch= 360
i_batch= 400
1 80
i_batch= 40
i_batch= 80
i_batch= 120
i_batch= 160
i_batch= 200
i_batch= 240
i_batch= 280
i_batch= 320
i_batch= 360
i_batch= 400
1 85
i_batch= 40
i_batch= 80
i_batch= 120
i_batch= 160
i_batch= 200
i_batch= 240
i_batch= 280
i_batch= 320
i_batch= 360
i_batch= 400
1 90
i_batch= 40
i_batch= 80
i_batch= 120
i_batch= 160
i_batch= 200
i_batch= 240
i_batch= 280
i_batch= 320
i_batch= 360
i_batch= 400
1 95
i_batch= 40
i_batch= 80
i_batch= 120
i_batch= 160
i_batch= 200
i_batch= 240
i_batch= 280
i_batch= 320
i_batch= 360
i_batch= 400
1 100
i_batch= 40
i_batch= 80
i_batch= 120
i_batch= 160
i_batch= 200
i_batch= 240
i_batch= 280
i_batch= 320
i_batch= 360
i_batch= 400
1 105
i_batch= 40
i_batch= 80
i_batch= 120
i_batch= 160
i_batch= 200
i_batch= 240
i_batch= 280
i_batch= 320
i_batch= 360
i_batch= 400
1 110
i_batch= 40
i_batch= 80
i_batch= 120
i_batch= 160
i_batch= 200
i_batch= 240
i_batch= 280
i_batch= 320
i_batch= 360
i_batch= 400
1 115
i_batch= 40
i_batch= 80
i_batch= 120
i_batch= 160
i_batch= 200
i_batch= 240
i_batch= 280
i_batch= 320
i_batch= 360
i_batch= 400
1 120
i_batch= 40
i_batch= 80
i_batch= 120
i_batch= 160
i_batch= 200
i_batch= 240
i_batch= 280
i_batch= 320
i_batch= 360
i_batch= 400
unperturbed patterns= [[15.12471508  0.31615783  2.5662593   4.80836336  3.40248649  0.50343394]
 [ 1.69608237  0.11867309  1.79546575 10.9184008   0.07538449  4.00148998]
 [ 0.21070932  3.46349322  3.55644633  0.73475656  3.11200094  1.06416033]]
1 10
i_batch= 40
i_batch= 80
i_batch= 120
i_batch= 160
i_batch= 200
i_batch= 240
i_batch= 280
i_batch= 320
i_batch= 360
i_batch= 400
1 15
i_batch= 40
i_batch= 80
i_batch= 120
i_batch= 160
i_batch= 200
i_batch= 240
i_batch= 280
i_batch= 320
i_batch= 360
i_batch= 400
1 20
i_batch= 40
i_batch= 80
i_batch= 120
i_batch= 160
i_batch= 200
i_batch= 240
i_batch= 280
i_batch= 320
i_batch= 360
i_batch= 400
1 25
i_batch= 40
i_batch= 80
i_batch= 120
i_batch= 160
i_batch= 200
i_batch= 240
i_batch= 280
i_batch= 320
i_batch= 360
i_batch= 400
1 30
i_batch= 40
i_batch= 80
i_batch= 120
i_batch= 160
i_batch= 200
i_batch= 240
i_batch= 280
i_batch= 320
i_batch= 360
i_batch= 400
1 35
i_batch= 40
i_batch= 80
i_batch= 120
i_batch= 160
i_batch= 200
i_batch= 240
i_batch= 280
i_batch= 320
i_batch= 360
i_batch= 400
1 40
i_batch= 40
i_batch= 80
i_batch= 120
i_batch= 160
i_batch= 200
i_batch= 240
i_batch= 280
i_batch= 320
i_batch= 360
i_batch= 400
1 45
i_batch= 40
i_batch= 80
i_batch= 120
i_batch= 160
i_batch= 200
i_batch= 240
i_batch= 280
i_batch= 320
i_batch= 360
i_batch= 400
1 50
i_batch= 40
i_batch= 80
i_batch= 120
i_batch= 160
i_batch= 200
i_batch= 240
i_batch= 280
i_batch= 320
i_batch= 360
i_batch= 400
1 55
i_batch= 40
i_batch= 80
i_batch= 120
i_batch= 160
i_batch= 200
i_batch= 240
i_batch= 280
i_batch= 320
i_batch= 360
i_batch= 400
1 60
i_batch= 40
i_batch= 80
i_batch= 120
i_batch= 160
i_batch= 200
i_batch= 240
i_batch= 280
i_batch= 320
i_batch= 360
i_batch= 400
1 65
i_batch= 40
i_batch= 80
i_batch= 120
i_batch= 160
i_batch= 200
i_batch= 240
i_batch= 280
i_batch= 320
i_batch= 360
i_batch= 400
1 70
i_batch= 40
i_batch= 80
i_batch= 120
i_batch= 160
i_batch= 200
i_batch= 240
i_batch= 280
i_batch= 320
i_batch= 360
i_batch= 400
1 75
i_batch= 40
i_batch= 80
i_batch= 120
i_batch= 160
i_batch= 200
i_batch= 240
i_batch= 280
i_batch= 320
i_batch= 360
i_batch= 400
1 80
i_batch= 40
i_batch= 80
i_batch= 120
i_batch= 160
i_batch= 200
i_batch= 240
i_batch= 280
i_batch= 320
i_batch= 360
i_batch= 400
1 85
i_batch= 40
i_batch= 80
i_batch= 120
i_batch= 160
i_batch= 200
i_batch= 240
i_batch= 280
i_batch= 320
i_batch= 360
i_batch= 400
1 90
i_batch= 40
i_batch= 80
i_batch= 120
i_batch= 160
i_batch= 200
i_batch= 240
i_batch= 280
i_batch= 320
i_batch= 360
i_batch= 400
1 95
i_batch= 40
i_batch= 80
i_batch= 120
i_batch= 160
i_batch= 200
i_batch= 240
i_batch= 280
i_batch= 320
i_batch= 360
i_batch= 400
1 100
i_batch= 40
i_batch= 80
i_batch= 120
i_batch= 160
i_batch= 200
i_batch= 240
i_batch= 280
i_batch= 320
i_batch= 360
i_batch= 400
1 105
i_batch= 40
i_batch= 80
i_batch= 120
i_batch= 160
i_batch= 200
i_batch= 240
i_batch= 280
i_batch= 320
i_batch= 360
i_batch= 400
1 110
i_batch= 40
i_batch= 80
i_batch= 120
i_batch= 160
i_batch= 200
i_batch= 240
i_batch= 280
i_batch= 320
i_batch= 360
i_batch= 400
1 115
i_batch= 40
i_batch= 80
i_batch= 120
i_batch= 160
i_batch= 200
i_batch= 240
i_batch= 280
i_batch= 320
i_batch= 360
i_batch= 400
1 120
i_batch= 40
i_batch= 80
i_batch= 120
i_batch= 160
i_batch= 200
i_batch= 240
i_batch= 280
i_batch= 320
i_batch= 360
i_batch= 400
unperturbed patterns= [[ 0.63075858  1.79339949  0.84310513  1.22666588  0.18072485  1.36705247]
 [ 5.32150163  0.19178728  2.42129322  0.17078134  2.02060524 15.64640246]
 [ 1.22046366  0.20958875  1.45587932  0.85550171  9.12850399  2.28776008]]
1 10
i_batch= 40
i_batch= 80
i_batch= 120
i_batch= 160
i_batch= 200
i_batch= 240
i_batch= 280
i_batch= 320
i_batch= 360
i_batch= 400
1 15
i_batch= 40
i_batch= 80
i_batch= 120
i_batch= 160
i_batch= 200
i_batch= 240
i_batch= 280
i_batch= 320
i_batch= 360
i_batch= 400
1 20
i_batch= 40
i_batch= 80
i_batch= 120
i_batch= 160
i_batch= 200
i_batch= 240
i_batch= 280
i_batch= 320
i_batch= 360
i_batch= 400
1 25
i_batch= 40
i_batch= 80
i_batch= 120
i_batch= 160
i_batch= 200
i_batch= 240
i_batch= 280
i_batch= 320
i_batch= 360
i_batch= 400
1 30
i_batch= 40
i_batch= 80
i_batch= 120
i_batch= 160
i_batch= 200
i_batch= 240
i_batch= 280
i_batch= 320
i_batch= 360
i_batch= 400
1 35
i_batch= 40
i_batch= 80
i_batch= 120
i_batch= 160
i_batch= 200
i_batch= 240
i_batch= 280
i_batch= 320
i_batch= 360
i_batch= 400
1 40
i_batch= 40
i_batch= 80
i_batch= 120
i_batch= 160
i_batch= 200
i_batch= 240
i_batch= 280
i_batch= 320
i_batch= 360
i_batch= 400
1 45
i_batch= 40
i_batch= 80
i_batch= 120
i_batch= 160
i_batch= 200
i_batch= 240
i_batch= 280
i_batch= 320
i_batch= 360
i_batch= 400
1 50
i_batch= 40
i_batch= 80
i_batch= 120
i_batch= 160
i_batch= 200
i_batch= 240
i_batch= 280
i_batch= 320
i_batch= 360
i_batch= 400
1 55
i_batch= 40
i_batch= 80
i_batch= 120
i_batch= 160
i_batch= 200
i_batch= 240
i_batch= 280
i_batch= 320
i_batch= 360
i_batch= 400
1 60
i_batch= 40
i_batch= 80
i_batch= 120
i_batch= 160
i_batch= 200
i_batch= 240
i_batch= 280
i_batch= 320
i_batch= 360
i_batch= 400
1 65
i_batch= 40
i_batch= 80
i_batch= 120
i_batch= 160
i_batch= 200
i_batch= 240
i_batch= 280
i_batch= 320
i_batch= 360
i_batch= 400
1 70
i_batch= 40
i_batch= 80
i_batch= 120
i_batch= 160
i_batch= 200
i_batch= 240
i_batch= 280
i_batch= 320
i_batch= 360
i_batch= 400
1 75
i_batch= 40
i_batch= 80
i_batch= 120
i_batch= 160
i_batch= 200
i_batch= 240
i_batch= 280
i_batch= 320
i_batch= 360
i_batch= 400
1 80
i_batch= 40
i_batch= 80
i_batch= 120
i_batch= 160
i_batch= 200
i_batch= 240
i_batch= 280
i_batch= 320
i_batch= 360
i_batch= 400
1 85
i_batch= 40
i_batch= 80
i_batch= 120
i_batch= 160
i_batch= 200
i_batch= 240
i_batch= 280
i_batch= 320
i_batch= 360
i_batch= 400
1 90
i_batch= 40
i_batch= 80
i_batch= 120
i_batch= 160
i_batch= 200
i_batch= 240
i_batch= 280
i_batch= 320
i_batch= 360
i_batch= 400
1 95
i_batch= 40
i_batch= 80
i_batch= 120
i_batch= 160
i_batch= 200
i_batch= 240
i_batch= 280
i_batch= 320
i_batch= 360
i_batch= 400
1 100
i_batch= 40
i_batch= 80
i_batch= 120
i_batch= 160
i_batch= 200
i_batch= 240
i_batch= 280
i_batch= 320
i_batch= 360
i_batch= 400
1 105
i_batch= 40
i_batch= 80
i_batch= 120
i_batch= 160
i_batch= 200
i_batch= 240
i_batch= 280
i_batch= 320
i_batch= 360
i_batch= 400
1 110
i_batch= 40
i_batch= 80
i_batch= 120
i_batch= 160
i_batch= 200
i_batch= 240
i_batch= 280
i_batch= 320
i_batch= 360
i_batch= 400
1 115
i_batch= 40
i_batch= 80
i_batch= 120
i_batch= 160
i_batch= 200
i_batch= 240
i_batch= 280
i_batch= 320
i_batch= 360
i_batch= 400
1 120
i_batch= 40
i_batch= 80
i_batch= 120
i_batch= 160
i_batch= 200
i_batch= 240
i_batch= 280
i_batch= 320
i_batch= 360
i_batch= 400
unperturbed patterns= [[21.83731454  0.40754876  3.03823577  0.1121836  10.12541204  0.81562686]
 [ 0.23735426  2.17882572  1.2568056   0.84123641  0.45996363  2.04614658]
 [ 1.35495088  2.57171521  4.67405742  0.67016674  1.27581534  1.62387653]]
1 10
i_batch= 40
i_batch= 80
i_batch= 120
i_batch= 160
i_batch= 200
i_batch= 240
i_batch= 280
i_batch= 320
i_batch= 360
i_batch= 400
1 15
i_batch= 40
i_batch= 80
i_batch= 120
i_batch= 160
i_batch= 200
i_batch= 240
i_batch= 280
i_batch= 320
i_batch= 360
i_batch= 400
1 20
i_batch= 40
i_batch= 80
i_batch= 120
i_batch= 160
i_batch= 200
i_batch= 240
i_batch= 280
i_batch= 320
i_batch= 360
i_batch= 400
1 25
i_batch= 40
i_batch= 80
i_batch= 120
i_batch= 160
i_batch= 200
i_batch= 240
i_batch= 280
i_batch= 320
i_batch= 360
i_batch= 400
1 30
i_batch= 40
i_batch= 80
i_batch= 120
i_batch= 160
i_batch= 200
i_batch= 240
i_batch= 280
i_batch= 320
i_batch= 360
i_batch= 400
1 35
i_batch= 40
i_batch= 80
i_batch= 120
i_batch= 160
i_batch= 200
i_batch= 240
i_batch= 280
i_batch= 320
i_batch= 360
i_batch= 400
1 40
i_batch= 40
i_batch= 80
i_batch= 120
i_batch= 160
i_batch= 200
i_batch= 240
i_batch= 280
i_batch= 320
i_batch= 360
i_batch= 400
1 45
i_batch= 40
i_batch= 80
i_batch= 120
i_batch= 160
i_batch= 200
i_batch= 240
i_batch= 280
i_batch= 320
i_batch= 360
i_batch= 400
1 50
i_batch= 40
i_batch= 80
i_batch= 120
i_batch= 160
i_batch= 200
i_batch= 240
i_batch= 280
i_batch= 320
i_batch= 360
i_batch= 400
1 55
i_batch= 40
i_batch= 80
i_batch= 120
i_batch= 160
i_batch= 200
i_batch= 240
i_batch= 280
i_batch= 320
i_batch= 360
i_batch= 400
1 60
i_batch= 40
i_batch= 80
i_batch= 120
i_batch= 160
i_batch= 200
i_batch= 240
i_batch= 280
i_batch= 320
i_batch= 360
i_batch= 400
1 65
i_batch= 40
i_batch= 80
i_batch= 120
i_batch= 160
i_batch= 200
i_batch= 240
i_batch= 280
i_batch= 320
i_batch= 360
i_batch= 400
1 70
i_batch= 40
i_batch= 80
i_batch= 120
i_batch= 160
i_batch= 200
i_batch= 240
i_batch= 280
i_batch= 320
i_batch= 360
i_batch= 400
1 75
i_batch= 40
i_batch= 80
i_batch= 120
i_batch= 160
i_batch= 200
i_batch= 240
i_batch= 280
i_batch= 320
i_batch= 360
i_batch= 400
1 80
i_batch= 40
i_batch= 80
i_batch= 120
i_batch= 160
i_batch= 200
i_batch= 240
i_batch= 280
i_batch= 320
i_batch= 360
i_batch= 400
1 85
i_batch= 40
i_batch= 80
i_batch= 120
i_batch= 160
i_batch= 200
i_batch= 240
i_batch= 280
i_batch= 320
i_batch= 360
i_batch= 400
1 90
i_batch= 40
i_batch= 80
i_batch= 120
i_batch= 160
i_batch= 200
i_batch= 240
i_batch= 280
i_batch= 320
i_batch= 360
i_batch= 400
1 95
i_batch= 40
i_batch= 80
i_batch= 120
i_batch= 160
i_batch= 200
i_batch= 240
i_batch= 280
i_batch= 320
i_batch= 360
i_batch= 400
1 100
i_batch= 40
i_batch= 80
i_batch= 120
i_batch= 160
i_batch= 200
i_batch= 240
i_batch= 280
i_batch= 320
i_batch= 360
i_batch= 400
1 105
i_batch= 40
i_batch= 80
i_batch= 120
i_batch= 160
i_batch= 200
i_batch= 240
i_batch= 280
i_batch= 320
i_batch= 360
i_batch= 400
1 110
i_batch= 40
i_batch= 80
i_batch= 120
i_batch= 160
i_batch= 200
i_batch= 240
i_batch= 280
i_batch= 320
i_batch= 360
i_batch= 400
1 115
i_batch= 40
i_batch= 80
i_batch= 120
i_batch= 160
i_batch= 200
i_batch= 240
i_batch= 280
i_batch= 320
i_batch= 360
i_batch= 400
1 120
i_batch= 40
i_batch= 80
i_batch= 120
i_batch= 160
i_batch= 200
i_batch= 240
i_batch= 280
i_batch= 320
i_batch= 360
i_batch= 400
unperturbed patterns= [[ 2.10218612  0.83078634  0.25642489  1.85292033  0.79480532  0.4951831 ]
 [ 0.22909052  2.34676615  1.45457961  0.28212621 11.94342762  0.72532715]
 [ 6.41432122  6.00569194  0.08468676  0.31297937  0.81744672  0.82691432]]
1 10
i_batch= 40
i_batch= 80
i_batch= 120
i_batch= 160
i_batch= 200
i_batch= 240
i_batch= 280
i_batch= 320
i_batch= 360
i_batch= 400
1 15
i_batch= 40
i_batch= 80
i_batch= 120
i_batch= 160
i_batch= 200
i_batch= 240
i_batch= 280
i_batch= 320
i_batch= 360
i_batch= 400
1 20
i_batch= 40
i_batch= 80
i_batch= 120
i_batch= 160
i_batch= 200
i_batch= 240
i_batch= 280
i_batch= 320
i_batch= 360
i_batch= 400
1 25
i_batch= 40
i_batch= 80
i_batch= 120
i_batch= 160
i_batch= 200
i_batch= 240
i_batch= 280
i_batch= 320
i_batch= 360
i_batch= 400
1 30
i_batch= 40
i_batch= 80
i_batch= 120
i_batch= 160
i_batch= 200
i_batch= 240
i_batch= 280
i_batch= 320
i_batch= 360
i_batch= 400
1 35
i_batch= 40
i_batch= 80
i_batch= 120
i_batch= 160
i_batch= 200
i_batch= 240
i_batch= 280
i_batch= 320
i_batch= 360
i_batch= 400
1 40
i_batch= 40
i_batch= 80
i_batch= 120
i_batch= 160
i_batch= 200
i_batch= 240
i_batch= 280
i_batch= 320
i_batch= 360
i_batch= 400
1 45
i_batch= 40
i_batch= 80
i_batch= 120
i_batch= 160
i_batch= 200
i_batch= 240
i_batch= 280
i_batch= 320
i_batch= 360
i_batch= 400
1 50
i_batch= 40
i_batch= 80
i_batch= 120
i_batch= 160
i_batch= 200
i_batch= 240
i_batch= 280
i_batch= 320
i_batch= 360
i_batch= 400
1 55
i_batch= 40
i_batch= 80
i_batch= 120
i_batch= 160
i_batch= 200
i_batch= 240
i_batch= 280
i_batch= 320
i_batch= 360
i_batch= 400
1 60
i_batch= 40
i_batch= 80
i_batch= 120
i_batch= 160
i_batch= 200
i_batch= 240
i_batch= 280
i_batch= 320
i_batch= 360
i_batch= 400
1 65
i_batch= 40
i_batch= 80
i_batch= 120
i_batch= 160
i_batch= 200
i_batch= 240
i_batch= 280
i_batch= 320
i_batch= 360
i_batch= 400
1 70
i_batch= 40
i_batch= 80
i_batch= 120
i_batch= 160
i_batch= 200
i_batch= 240
i_batch= 280
i_batch= 320
i_batch= 360
i_batch= 400
1 75
i_batch= 40
i_batch= 80
i_batch= 120
i_batch= 160
i_batch= 200
i_batch= 240
i_batch= 280
i_batch= 320
i_batch= 360
i_batch= 400
1 80
i_batch= 40
i_batch= 80
i_batch= 120
i_batch= 160
i_batch= 200
i_batch= 240
i_batch= 280
i_batch= 320
i_batch= 360
i_batch= 400
1 85
i_batch= 40
i_batch= 80
i_batch= 120
i_batch= 160
i_batch= 200
i_batch= 240
i_batch= 280
i_batch= 320
i_batch= 360
i_batch= 400
1 90
i_batch= 40
i_batch= 80
i_batch= 120
i_batch= 160
i_batch= 200
i_batch= 240
i_batch= 280
i_batch= 320
i_batch= 360
i_batch= 400
1 95
i_batch= 40
i_batch= 80
i_batch= 120
i_batch= 160
i_batch= 200
i_batch= 240
i_batch= 280
i_batch= 320
i_batch= 360
i_batch= 400
1 100
i_batch= 40
i_batch= 80
i_batch= 120
i_batch= 160
i_batch= 200
i_batch= 240
i_batch= 280
i_batch= 320
i_batch= 360
i_batch= 400
1 105
i_batch= 40
i_batch= 80
i_batch= 120
i_batch= 160
i_batch= 200
i_batch= 240
i_batch= 280
i_batch= 320
i_batch= 360
i_batch= 400
1 110
i_batch= 40
i_batch= 80
i_batch= 120
i_batch= 160
i_batch= 200
i_batch= 240
i_batch= 280
i_batch= 320
i_batch= 360
i_batch= 400
1 115
i_batch= 40
i_batch= 80
i_batch= 120
i_batch= 160
i_batch= 200
i_batch= 240
i_batch= 280
i_batch= 320
i_batch= 360
i_batch= 400
1 120
i_batch= 40
i_batch= 80
i_batch= 120
i_batch= 160
i_batch= 200
i_batch= 240
i_batch= 280
i_batch= 320
i_batch= 360
i_batch= 400
unperturbed patterns= [[ 0.64769217 25.95530897  1.78518435  2.10195483  6.06436975  1.00115916]
 [ 1.92933841  1.21943862  5.67526967 25.10249662 10.86827837  5.31926644]
 [ 1.47848165  0.3357972   2.76465523 12.14062688  0.92207978  1.98871079]]
1 10
i_batch= 40
i_batch= 80
i_batch= 120
i_batch= 160
i_batch= 200
i_batch= 240
i_batch= 280
i_batch= 320
i_batch= 360
i_batch= 400
1 15
i_batch= 40
i_batch= 80
i_batch= 120
i_batch= 160
i_batch= 200
i_batch= 240
i_batch= 280
i_batch= 320
i_batch= 360
i_batch= 400
1 20
i_batch= 40
i_batch= 80
i_batch= 120
i_batch= 160
i_batch= 200
i_batch= 240
i_batch= 280
i_batch= 320
i_batch= 360
i_batch= 400
1 25
i_batch= 40
i_batch= 80
i_batch= 120
i_batch= 160
i_batch= 200
i_batch= 240
i_batch= 280
i_batch= 320
i_batch= 360
i_batch= 400
1 30
i_batch= 40
i_batch= 80
i_batch= 120
i_batch= 160
i_batch= 200
i_batch= 240
i_batch= 280
i_batch= 320
i_batch= 360
i_batch= 400
1 35
i_batch= 40
i_batch= 80
i_batch= 120
i_batch= 160
i_batch= 200
i_batch= 240
i_batch= 280
i_batch= 320
i_batch= 360
i_batch= 400
1 40
i_batch= 40
i_batch= 80
i_batch= 120
i_batch= 160
i_batch= 200
i_batch= 240
i_batch= 280
i_batch= 320
i_batch= 360
i_batch= 400
1 45
i_batch= 40
i_batch= 80
i_batch= 120
i_batch= 160
i_batch= 200
i_batch= 240
i_batch= 280
i_batch= 320
i_batch= 360
i_batch= 400
1 50
i_batch= 40
i_batch= 80
i_batch= 120
i_batch= 160
i_batch= 200
i_batch= 240
i_batch= 280
i_batch= 320
i_batch= 360
i_batch= 400
1 55
i_batch= 40
i_batch= 80
i_batch= 120
i_batch= 160
i_batch= 200
i_batch= 240
i_batch= 280
i_batch= 320
i_batch= 360
i_batch= 400
1 60
i_batch= 40
i_batch= 80
i_batch= 120
i_batch= 160
i_batch= 200
i_batch= 240
i_batch= 280
i_batch= 320
i_batch= 360
i_batch= 400
1 65
i_batch= 40
i_batch= 80
i_batch= 120
i_batch= 160
i_batch= 200
i_batch= 240
i_batch= 280
i_batch= 320
i_batch= 360
i_batch= 400
1 70
i_batch= 40
i_batch= 80
i_batch= 120
i_batch= 160
i_batch= 200
i_batch= 240
i_batch= 280
i_batch= 320
i_batch= 360
i_batch= 400
1 75
i_batch= 40
i_batch= 80
i_batch= 120
i_batch= 160
i_batch= 200
i_batch= 240
i_batch= 280
i_batch= 320
i_batch= 360
i_batch= 400
1 80
i_batch= 40
i_batch= 80
i_batch= 120
i_batch= 160
i_batch= 200
i_batch= 240
i_batch= 280
i_batch= 320
i_batch= 360
i_batch= 400
1 85
i_batch= 40
i_batch= 80
i_batch= 120
i_batch= 160
i_batch= 200
i_batch= 240
i_batch= 280
i_batch= 320
i_batch= 360
i_batch= 400
1 90
i_batch= 40
i_batch= 80
i_batch= 120
i_batch= 160
i_batch= 200
i_batch= 240
i_batch= 280
i_batch= 320
i_batch= 360
i_batch= 400
1 95
i_batch= 40
i_batch= 80
i_batch= 120
i_batch= 160
i_batch= 200
i_batch= 240
i_batch= 280
i_batch= 320
i_batch= 360
i_batch= 400
1 100
i_batch= 40
i_batch= 80
i_batch= 120
i_batch= 160
i_batch= 200
i_batch= 240
i_batch= 280
i_batch= 320
i_batch= 360
i_batch= 400
1 105
i_batch= 40
i_batch= 80
i_batch= 120
i_batch= 160
i_batch= 200
i_batch= 240
i_batch= 280
i_batch= 320
i_batch= 360
i_batch= 400
1 110
i_batch= 40
i_batch= 80
i_batch= 120
i_batch= 160
i_batch= 200
i_batch= 240
i_batch= 280
i_batch= 320
i_batch= 360
i_batch= 400
1 115
i_batch= 40
i_batch= 80
i_batch= 120
i_batch= 160
i_batch= 200
i_batch= 240
i_batch= 280
i_batch= 320
i_batch= 360
i_batch= 400
1 120
i_batch= 40
i_batch= 80
i_batch= 120
i_batch= 160
i_batch= 200
i_batch= 240
i_batch= 280
i_batch= 320
i_batch= 360
i_batch= 400
unperturbed patterns= [[1.92043144 0.53854053 0.81029866 1.75489068 1.90912753 0.02821839]
 [8.42112068 0.94944877 0.16419545 0.1850029  0.84328924 0.40850881]
 [1.24874429 0.10396639 0.13895318 0.41925463 4.79707878 2.73747663]]
1 10
i_batch= 40
i_batch= 80
i_batch= 120
i_batch= 160
i_batch= 200
i_batch= 240
i_batch= 280
i_batch= 320
i_batch= 360
i_batch= 400
1 15
i_batch= 40
i_batch= 80
i_batch= 120
i_batch= 160
i_batch= 200
i_batch= 240
i_batch= 280
i_batch= 320
i_batch= 360
i_batch= 400
1 20
i_batch= 40
i_batch= 80
i_batch= 120
i_batch= 160
i_batch= 200
i_batch= 240
i_batch= 280
i_batch= 320
i_batch= 360
i_batch= 400
1 25
i_batch= 40
i_batch= 80
i_batch= 120
i_batch= 160
i_batch= 200
i_batch= 240
i_batch= 280
i_batch= 320
i_batch= 360
i_batch= 400
1 30
i_batch= 40
i_batch= 80
i_batch= 120
i_batch= 160
i_batch= 200
i_batch= 240
i_batch= 280
i_batch= 320
i_batch= 360
i_batch= 400
1 35
i_batch= 40
i_batch= 80
i_batch= 120
i_batch= 160
i_batch= 200
i_batch= 240
i_batch= 280
i_batch= 320
i_batch= 360
i_batch= 400
1 40
i_batch= 40
i_batch= 80
i_batch= 120
i_batch= 160
i_batch= 200
i_batch= 240
i_batch= 280
i_batch= 320
i_batch= 360
i_batch= 400
1 45
i_batch= 40
i_batch= 80
i_batch= 120
i_batch= 160
i_batch= 200
i_batch= 240
i_batch= 280
i_batch= 320
i_batch= 360
i_batch= 400
1 50
i_batch= 40
i_batch= 80
i_batch= 120
i_batch= 160
i_batch= 200
i_batch= 240
i_batch= 280
i_batch= 320
i_batch= 360
i_batch= 400
1 55
i_batch= 40
i_batch= 80
i_batch= 120
i_batch= 160
i_batch= 200
i_batch= 240
i_batch= 280
i_batch= 320
i_batch= 360
i_batch= 400
1 60
i_batch= 40
i_batch= 80
i_batch= 120
i_batch= 160
i_batch= 200
i_batch= 240
i_batch= 280
i_batch= 320
i_batch= 360
i_batch= 400
1 65
i_batch= 40
i_batch= 80
i_batch= 120
i_batch= 160
i_batch= 200
i_batch= 240
i_batch= 280
i_batch= 320
i_batch= 360
i_batch= 400
1 70
i_batch= 40
i_batch= 80
i_batch= 120
i_batch= 160
i_batch= 200
i_batch= 240
i_batch= 280
i_batch= 320
i_batch= 360
i_batch= 400
1 75
i_batch= 40
i_batch= 80
i_batch= 120
i_batch= 160
i_batch= 200
i_batch= 240
i_batch= 280
i_batch= 320
i_batch= 360
i_batch= 400
1 80
i_batch= 40
i_batch= 80
i_batch= 120
i_batch= 160
i_batch= 200
i_batch= 240
i_batch= 280
i_batch= 320
i_batch= 360
i_batch= 400
1 85
i_batch= 40
i_batch= 80
i_batch= 120
i_batch= 160
i_batch= 200
i_batch= 240
i_batch= 280
i_batch= 320
i_batch= 360
i_batch= 400
1 90
i_batch= 40
i_batch= 80
i_batch= 120
i_batch= 160
i_batch= 200
i_batch= 240
i_batch= 280
i_batch= 320
i_batch= 360
i_batch= 400
1 95
i_batch= 40
i_batch= 80
i_batch= 120
i_batch= 160
i_batch= 200
i_batch= 240
i_batch= 280
i_batch= 320
i_batch= 360
i_batch= 400
1 100
i_batch= 40
i_batch= 80
i_batch= 120
i_batch= 160
i_batch= 200
i_batch= 240
i_batch= 280
i_batch= 320
i_batch= 360
i_batch= 400
1 105
i_batch= 40
i_batch= 80
i_batch= 120
i_batch= 160
i_batch= 200
i_batch= 240
i_batch= 280
i_batch= 320
i_batch= 360
i_batch= 400
1 110
i_batch= 40
i_batch= 80
i_batch= 120
i_batch= 160
i_batch= 200
i_batch= 240
i_batch= 280
i_batch= 320
i_batch= 360
i_batch= 400
1 115
i_batch= 40
i_batch= 80
i_batch= 120
i_batch= 160
i_batch= 200
i_batch= 240
i_batch= 280
i_batch= 320
i_batch= 360
i_batch= 400
1 120
i_batch= 40
i_batch= 80
i_batch= 120
i_batch= 160
i_batch= 200
i_batch= 240
i_batch= 280
i_batch= 320
i_batch= 360
i_batch= 400
unperturbed patterns= [[ 2.49969527  0.83334917  4.0944208   0.63302836  0.19843523  1.86839162]
 [ 0.88453427  0.3381346   0.20989674  1.3961845   1.43654146  0.1976569 ]
 [ 0.67163551  1.67448785  2.21187396  3.6195693   1.26393754 26.95726994]]
1 10
i_batch= 40
i_batch= 80
i_batch= 120
i_batch= 160
i_batch= 200
i_batch= 240
i_batch= 280
i_batch= 320
i_batch= 360
i_batch= 400
1 15
i_batch= 40
i_batch= 80
i_batch= 120
i_batch= 160
i_batch= 200
i_batch= 240
i_batch= 280
i_batch= 320
i_batch= 360
i_batch= 400
1 20
i_batch= 40
i_batch= 80
i_batch= 120
i_batch= 160
i_batch= 200
i_batch= 240
i_batch= 280
i_batch= 320
i_batch= 360
i_batch= 400
1 25
i_batch= 40
i_batch= 80
i_batch= 120
i_batch= 160
i_batch= 200
i_batch= 240
i_batch= 280
i_batch= 320
i_batch= 360
i_batch= 400
1 30
i_batch= 40
i_batch= 80
i_batch= 120
i_batch= 160
i_batch= 200
i_batch= 240
i_batch= 280
i_batch= 320
i_batch= 360
i_batch= 400
1 35
i_batch= 40
i_batch= 80
i_batch= 120
i_batch= 160
i_batch= 200
i_batch= 240
i_batch= 280
i_batch= 320
i_batch= 360
i_batch= 400
1 40
i_batch= 40
i_batch= 80
i_batch= 120
i_batch= 160
i_batch= 200
i_batch= 240
i_batch= 280
i_batch= 320
i_batch= 360
i_batch= 400
1 45
i_batch= 40
i_batch= 80
i_batch= 120
i_batch= 160
i_batch= 200
i_batch= 240
i_batch= 280
i_batch= 320
i_batch= 360
i_batch= 400
1 50
i_batch= 40
i_batch= 80
i_batch= 120
i_batch= 160
i_batch= 200
i_batch= 240
i_batch= 280
i_batch= 320
i_batch= 360
i_batch= 400
1 55
i_batch= 40
i_batch= 80
i_batch= 120
i_batch= 160
i_batch= 200
i_batch= 240
i_batch= 280
i_batch= 320
i_batch= 360
i_batch= 400
1 60
i_batch= 40
i_batch= 80
i_batch= 120
i_batch= 160
i_batch= 200
i_batch= 240
i_batch= 280
i_batch= 320
i_batch= 360
i_batch= 400
1 65
i_batch= 40
i_batch= 80
i_batch= 120
i_batch= 160
i_batch= 200
i_batch= 240
i_batch= 280
i_batch= 320
i_batch= 360
i_batch= 400
1 70
i_batch= 40
i_batch= 80
i_batch= 120
i_batch= 160
i_batch= 200
i_batch= 240
i_batch= 280
i_batch= 320
i_batch= 360
i_batch= 400
1 75
i_batch= 40
i_batch= 80
i_batch= 120
i_batch= 160
i_batch= 200
i_batch= 240
i_batch= 280
i_batch= 320
i_batch= 360
i_batch= 400
1 80
i_batch= 40
i_batch= 80
i_batch= 120
i_batch= 160
i_batch= 200
i_batch= 240
i_batch= 280
i_batch= 320
i_batch= 360
i_batch= 400
1 85
i_batch= 40
i_batch= 80
i_batch= 120
i_batch= 160
i_batch= 200
i_batch= 240
i_batch= 280
i_batch= 320
i_batch= 360
i_batch= 400
1 90
i_batch= 40
i_batch= 80
i_batch= 120
i_batch= 160
i_batch= 200
i_batch= 240
i_batch= 280
i_batch= 320
i_batch= 360
i_batch= 400
1 95
i_batch= 40
i_batch= 80
i_batch= 120
i_batch= 160
i_batch= 200
i_batch= 240
i_batch= 280
i_batch= 320
i_batch= 360
i_batch= 400
1 100
i_batch= 40
i_batch= 80
i_batch= 120
i_batch= 160
i_batch= 200
i_batch= 240
i_batch= 280
i_batch= 320
i_batch= 360
i_batch= 400
1 105
i_batch= 40
i_batch= 80
i_batch= 120
i_batch= 160
i_batch= 200
i_batch= 240
i_batch= 280
i_batch= 320
i_batch= 360
i_batch= 400
1 110
i_batch= 40
i_batch= 80
i_batch= 120
i_batch= 160
i_batch= 200
i_batch= 240
i_batch= 280
i_batch= 320
i_batch= 360
i_batch= 400
1 115
i_batch= 40
i_batch= 80
i_batch= 120
i_batch= 160
i_batch= 200
i_batch= 240
i_batch= 280
i_batch= 320
i_batch= 360
i_batch= 400
1 120
i_batch= 40
i_batch= 80
i_batch= 120
i_batch= 160
i_batch= 200
i_batch= 240
i_batch= 280
i_batch= 320
i_batch= 360
i_batch= 400
unperturbed patterns= [[8.51590258 0.13152792 1.13364832 2.12774369 0.10289269 1.85349194]
 [8.40312061 0.40209198 0.40056387 1.33411282 0.62639616 0.22126838]
 [0.21083472 0.47311635 3.36424839 5.43273088 8.9590391  8.69841278]]
1 10
i_batch= 40
i_batch= 80
i_batch= 120
i_batch= 160
i_batch= 200
i_batch= 240
i_batch= 280
i_batch= 320
i_batch= 360
i_batch= 400
1 15
i_batch= 40
i_batch= 80
i_batch= 120
i_batch= 160
i_batch= 200
i_batch= 240
i_batch= 280
i_batch= 320
i_batch= 360
i_batch= 400
1 20
i_batch= 40
i_batch= 80
i_batch= 120
i_batch= 160
i_batch= 200
i_batch= 240
i_batch= 280
i_batch= 320
i_batch= 360
i_batch= 400
1 25
i_batch= 40
i_batch= 80
i_batch= 120
i_batch= 160
i_batch= 200
i_batch= 240
i_batch= 280
i_batch= 320
i_batch= 360
i_batch= 400
1 30
i_batch= 40
i_batch= 80
i_batch= 120
i_batch= 160
i_batch= 200
i_batch= 240
i_batch= 280
i_batch= 320
i_batch= 360
i_batch= 400
1 35
i_batch= 40
i_batch= 80
i_batch= 120
i_batch= 160
i_batch= 200
i_batch= 240
i_batch= 280
i_batch= 320
i_batch= 360
i_batch= 400
1 40
i_batch= 40
i_batch= 80
i_batch= 120
i_batch= 160
i_batch= 200
i_batch= 240
i_batch= 280
i_batch= 320
i_batch= 360
i_batch= 400
1 45
i_batch= 40
i_batch= 80
i_batch= 120
i_batch= 160
i_batch= 200
i_batch= 240
i_batch= 280
i_batch= 320
i_batch= 360
i_batch= 400
1 50
i_batch= 40
i_batch= 80
i_batch= 120
i_batch= 160
i_batch= 200
i_batch= 240
i_batch= 280
i_batch= 320
i_batch= 360
i_batch= 400
1 55
i_batch= 40
i_batch= 80
i_batch= 120
i_batch= 160
i_batch= 200
i_batch= 240
i_batch= 280
i_batch= 320
i_batch= 360
i_batch= 400
1 60
i_batch= 40
i_batch= 80
i_batch= 120
i_batch= 160
i_batch= 200
i_batch= 240
i_batch= 280
i_batch= 320
i_batch= 360
i_batch= 400
1 65
i_batch= 40
i_batch= 80
i_batch= 120
i_batch= 160
i_batch= 200
i_batch= 240
i_batch= 280
i_batch= 320
i_batch= 360
i_batch= 400
1 70
i_batch= 40
i_batch= 80
i_batch= 120
i_batch= 160
i_batch= 200
i_batch= 240
i_batch= 280
i_batch= 320
i_batch= 360
i_batch= 400
1 75
i_batch= 40
i_batch= 80
i_batch= 120
i_batch= 160
i_batch= 200
i_batch= 240
i_batch= 280
i_batch= 320
i_batch= 360
i_batch= 400
1 80
i_batch= 40
i_batch= 80
i_batch= 120
i_batch= 160
i_batch= 200
i_batch= 240
i_batch= 280
i_batch= 320
i_batch= 360
i_batch= 400
1 85
i_batch= 40
i_batch= 80
i_batch= 120
i_batch= 160
i_batch= 200
i_batch= 240
i_batch= 280
i_batch= 320
i_batch= 360
i_batch= 400
1 90
i_batch= 40
i_batch= 80
i_batch= 120
i_batch= 160
i_batch= 200
i_batch= 240
i_batch= 280
i_batch= 320
i_batch= 360
i_batch= 400
1 95
i_batch= 40
i_batch= 80
i_batch= 120
i_batch= 160
i_batch= 200
i_batch= 240
i_batch= 280
i_batch= 320
i_batch= 360
i_batch= 400
1 100
i_batch= 40
i_batch= 80
i_batch= 120
i_batch= 160
i_batch= 200
i_batch= 240
i_batch= 280
i_batch= 320
i_batch= 360
i_batch= 400
1 105
i_batch= 40
i_batch= 80
i_batch= 120
i_batch= 160
i_batch= 200
i_batch= 240
i_batch= 280
i_batch= 320
i_batch= 360
i_batch= 400
1 110
i_batch= 40
i_batch= 80
i_batch= 120
i_batch= 160
i_batch= 200
i_batch= 240
i_batch= 280
i_batch= 320
i_batch= 360
i_batch= 400
1 115
i_batch= 40
i_batch= 80
i_batch= 120
i_batch= 160
i_batch= 200
i_batch= 240
i_batch= 280
i_batch= 320
i_batch= 360
i_batch= 400
1 120
i_batch= 40
i_batch= 80
i_batch= 120
i_batch= 160
i_batch= 200
i_batch= 240
i_batch= 280
i_batch= 320
i_batch= 360
i_batch= 400
unperturbed patterns= [[ 0.65962204  0.28680399 36.29199818  0.86444573 10.45224504  1.72278561]
 [ 0.95904882  3.24325865  2.47842145  2.00679913  1.01592524  0.56449513]
 [ 1.36735257 10.40514557  0.38629563  2.41149637  1.6822155   4.41260675]]
1 10
i_batch= 40
i_batch= 80
i_batch= 120
i_batch= 160
i_batch= 200
i_batch= 240
i_batch= 280
i_batch= 320
i_batch= 360
i_batch= 400
1 15
i_batch= 40
i_batch= 80
i_batch= 120
i_batch= 160
i_batch= 200
i_batch= 240
i_batch= 280
i_batch= 320
i_batch= 360
i_batch= 400
1 20
i_batch= 40
i_batch= 80
i_batch= 120
i_batch= 160
i_batch= 200
i_batch= 240
i_batch= 280
i_batch= 320
i_batch= 360
i_batch= 400
1 25
i_batch= 40
i_batch= 80
i_batch= 120
i_batch= 160
i_batch= 200
i_batch= 240
i_batch= 280
i_batch= 320
i_batch= 360
i_batch= 400
1 30
i_batch= 40
i_batch= 80
i_batch= 120
i_batch= 160
i_batch= 200
i_batch= 240
i_batch= 280
i_batch= 320
i_batch= 360
i_batch= 400
1 35
i_batch= 40
i_batch= 80
i_batch= 120
i_batch= 160
i_batch= 200
i_batch= 240
i_batch= 280
i_batch= 320
i_batch= 360
i_batch= 400
1 40
i_batch= 40
i_batch= 80
i_batch= 120
i_batch= 160
i_batch= 200
i_batch= 240
i_batch= 280
i_batch= 320
i_batch= 360
i_batch= 400
1 45
i_batch= 40
i_batch= 80
i_batch= 120
i_batch= 160
i_batch= 200
i_batch= 240
i_batch= 280
i_batch= 320
i_batch= 360
i_batch= 400
1 50
i_batch= 40
i_batch= 80
i_batch= 120
i_batch= 160
i_batch= 200
i_batch= 240
i_batch= 280
i_batch= 320
i_batch= 360
i_batch= 400
1 55
i_batch= 40
i_batch= 80
i_batch= 120
i_batch= 160
i_batch= 200
i_batch= 240
i_batch= 280
i_batch= 320
i_batch= 360
i_batch= 400
1 60
i_batch= 40
i_batch= 80
i_batch= 120
i_batch= 160
i_batch= 200
i_batch= 240
i_batch= 280
i_batch= 320
i_batch= 360
i_batch= 400
1 65
i_batch= 40
i_batch= 80
i_batch= 120
i_batch= 160
i_batch= 200
i_batch= 240
i_batch= 280
i_batch= 320
i_batch= 360
i_batch= 400
1 70
i_batch= 40
i_batch= 80
i_batch= 120
i_batch= 160
i_batch= 200
i_batch= 240
i_batch= 280
i_batch= 320
i_batch= 360
i_batch= 400
1 75
i_batch= 40
i_batch= 80
i_batch= 120
i_batch= 160
i_batch= 200
i_batch= 240
i_batch= 280
i_batch= 320
i_batch= 360
i_batch= 400
1 80
i_batch= 40
i_batch= 80
i_batch= 120
i_batch= 160
i_batch= 200
i_batch= 240
i_batch= 280
i_batch= 320
i_batch= 360
i_batch= 400
1 85
i_batch= 40
i_batch= 80
i_batch= 120
i_batch= 160
i_batch= 200
i_batch= 240
i_batch= 280
i_batch= 320
i_batch= 360
i_batch= 400
1 90
i_batch= 40
i_batch= 80
i_batch= 120
i_batch= 160
i_batch= 200
i_batch= 240
i_batch= 280
i_batch= 320
i_batch= 360
i_batch= 400
1 95
i_batch= 40
i_batch= 80
i_batch= 120
i_batch= 160
i_batch= 200
i_batch= 240
i_batch= 280
i_batch= 320
i_batch= 360
i_batch= 400
1 100
i_batch= 40
i_batch= 80
i_batch= 120
i_batch= 160
i_batch= 200
i_batch= 240
i_batch= 280
i_batch= 320
i_batch= 360
i_batch= 400
1 105
i_batch= 40
i_batch= 80
i_batch= 120
i_batch= 160
i_batch= 200
i_batch= 240
i_batch= 280
i_batch= 320
i_batch= 360
i_batch= 400
1 110
i_batch= 40
i_batch= 80
i_batch= 120
i_batch= 160
i_batch= 200
i_batch= 240
i_batch= 280
i_batch= 320
i_batch= 360
i_batch= 400
1 115
i_batch= 40
i_batch= 80
i_batch= 120
i_batch= 160
i_batch= 200
i_batch= 240
i_batch= 280
i_batch= 320
i_batch= 360
i_batch= 400
1 120
i_batch= 40
i_batch= 80
i_batch= 120
i_batch= 160
i_batch= 200
i_batch= 240
i_batch= 280
i_batch= 320
i_batch= 360
i_batch= 400
unperturbed patterns= [[ 0.44695105  6.51018669  0.12241369  1.14236976  0.38363923  4.0213053 ]
 [ 1.66035894  0.47829948  5.31936724  0.99845259  0.3331153   0.2850872 ]
 [ 0.41482116 30.3060221   8.28140242  7.2178341   0.10171357  0.29495948]]
1 10
i_batch= 40
i_batch= 80
i_batch= 120
i_batch= 160
i_batch= 200
i_batch= 240
i_batch= 280
i_batch= 320
i_batch= 360
i_batch= 400
1 15
i_batch= 40
i_batch= 80
i_batch= 120
i_batch= 160
i_batch= 200
i_batch= 240
i_batch= 280
i_batch= 320
i_batch= 360
i_batch= 400
1 20
i_batch= 40
i_batch= 80
i_batch= 120
i_batch= 160
i_batch= 200
i_batch= 240
i_batch= 280
i_batch= 320
i_batch= 360
i_batch= 400
1 25
i_batch= 40
i_batch= 80
i_batch= 120
i_batch= 160
i_batch= 200
i_batch= 240
i_batch= 280
i_batch= 320
i_batch= 360
i_batch= 400
1 30
i_batch= 40
i_batch= 80
i_batch= 120
i_batch= 160
i_batch= 200
i_batch= 240
i_batch= 280
i_batch= 320
i_batch= 360
i_batch= 400
1 35
i_batch= 40
i_batch= 80
i_batch= 120
i_batch= 160
i_batch= 200
i_batch= 240
i_batch= 280
i_batch= 320
i_batch= 360
i_batch= 400
1 40
i_batch= 40
i_batch= 80
i_batch= 120
i_batch= 160
i_batch= 200
i_batch= 240
i_batch= 280
i_batch= 320
i_batch= 360
i_batch= 400
1 45
i_batch= 40
i_batch= 80
i_batch= 120
i_batch= 160
i_batch= 200
i_batch= 240
i_batch= 280
i_batch= 320
i_batch= 360
i_batch= 400
1 50
i_batch= 40
i_batch= 80
i_batch= 120
i_batch= 160
i_batch= 200
i_batch= 240
i_batch= 280
i_batch= 320
i_batch= 360
i_batch= 400
1 55
i_batch= 40
i_batch= 80
i_batch= 120
i_batch= 160
i_batch= 200
i_batch= 240
i_batch= 280
i_batch= 320
i_batch= 360
i_batch= 400
1 60
i_batch= 40
i_batch= 80
i_batch= 120
i_batch= 160
i_batch= 200
i_batch= 240
i_batch= 280
i_batch= 320
i_batch= 360
i_batch= 400
1 65
i_batch= 40
i_batch= 80
i_batch= 120
i_batch= 160
i_batch= 200
i_batch= 240
i_batch= 280
i_batch= 320
i_batch= 360
i_batch= 400
1 70
i_batch= 40
i_batch= 80
i_batch= 120
i_batch= 160
i_batch= 200
i_batch= 240
i_batch= 280
i_batch= 320
i_batch= 360
i_batch= 400
1 75
i_batch= 40
i_batch= 80
i_batch= 120
i_batch= 160
i_batch= 200
i_batch= 240
i_batch= 280
i_batch= 320
i_batch= 360
i_batch= 400
1 80
i_batch= 40
i_batch= 80
i_batch= 120
i_batch= 160
i_batch= 200
i_batch= 240
i_batch= 280
i_batch= 320
i_batch= 360
i_batch= 400
1 85
i_batch= 40
i_batch= 80
i_batch= 120
i_batch= 160
i_batch= 200
i_batch= 240
i_batch= 280
i_batch= 320
i_batch= 360
i_batch= 400
1 90
i_batch= 40
i_batch= 80
i_batch= 120
i_batch= 160
i_batch= 200
i_batch= 240
i_batch= 280
i_batch= 320
i_batch= 360
i_batch= 400
1 95
i_batch= 40
i_batch= 80
i_batch= 120
i_batch= 160
i_batch= 200
i_batch= 240
i_batch= 280
i_batch= 320
i_batch= 360
i_batch= 400
1 100
i_batch= 40
i_batch= 80
i_batch= 120
i_batch= 160
i_batch= 200
i_batch= 240
i_batch= 280
i_batch= 320
i_batch= 360
i_batch= 400
1 105
i_batch= 40
i_batch= 80
i_batch= 120
i_batch= 160
i_batch= 200
i_batch= 240
i_batch= 280
i_batch= 320
i_batch= 360
i_batch= 400
1 110
i_batch= 40
i_batch= 80
i_batch= 120
i_batch= 160
i_batch= 200
i_batch= 240
i_batch= 280
i_batch= 320
i_batch= 360
i_batch= 400
1 115
i_batch= 40
i_batch= 80
i_batch= 120
i_batch= 160
i_batch= 200
i_batch= 240
i_batch= 280
i_batch= 320
i_batch= 360
i_batch= 400
1 120
i_batch= 40
i_batch= 80
i_batch= 120
i_batch= 160
i_batch= 200
i_batch= 240
i_batch= 280
i_batch= 320
i_batch= 360
i_batch= 400
unperturbed patterns= [[0.03655243 0.83425163 0.83689536 0.38404385 7.8487426  1.1186685 ]
 [0.40883498 3.61027932 7.09772615 0.28091141 0.3347264  1.4057113 ]
 [0.2181166  0.20270349 2.33047657 3.7473591  0.75364345 1.40440747]]
1 10
i_batch= 40
i_batch= 80
i_batch= 120
i_batch= 160
i_batch= 200
i_batch= 240
i_batch= 280
i_batch= 320
i_batch= 360
i_batch= 400
1 15
i_batch= 40
i_batch= 80
i_batch= 120
i_batch= 160
i_batch= 200
i_batch= 240
i_batch= 280
i_batch= 320
i_batch= 360
i_batch= 400
1 20
i_batch= 40
i_batch= 80
i_batch= 120
i_batch= 160
i_batch= 200
i_batch= 240
i_batch= 280
i_batch= 320
i_batch= 360
i_batch= 400
1 25
i_batch= 40
i_batch= 80
i_batch= 120
i_batch= 160
i_batch= 200
i_batch= 240
i_batch= 280
i_batch= 320
i_batch= 360
i_batch= 400
1 30
i_batch= 40
i_batch= 80
i_batch= 120
i_batch= 160
i_batch= 200
i_batch= 240
i_batch= 280
i_batch= 320
i_batch= 360
i_batch= 400
1 35
i_batch= 40
i_batch= 80
i_batch= 120
i_batch= 160
i_batch= 200
i_batch= 240
i_batch= 280
i_batch= 320
i_batch= 360
i_batch= 400
1 40
i_batch= 40
i_batch= 80
i_batch= 120
i_batch= 160
i_batch= 200
i_batch= 240
i_batch= 280
i_batch= 320
i_batch= 360
i_batch= 400
1 45
i_batch= 40
i_batch= 80
i_batch= 120
i_batch= 160
i_batch= 200
i_batch= 240
i_batch= 280
i_batch= 320
i_batch= 360
i_batch= 400
1 50
i_batch= 40
i_batch= 80
i_batch= 120
i_batch= 160
i_batch= 200
i_batch= 240
i_batch= 280
i_batch= 320
i_batch= 360
i_batch= 400
1 55
i_batch= 40
i_batch= 80
i_batch= 120
i_batch= 160
i_batch= 200
i_batch= 240
i_batch= 280
i_batch= 320
i_batch= 360
i_batch= 400
1 60
i_batch= 40
i_batch= 80
i_batch= 120
i_batch= 160
i_batch= 200
i_batch= 240
i_batch= 280
i_batch= 320
i_batch= 360
i_batch= 400
1 65
i_batch= 40
i_batch= 80
i_batch= 120
i_batch= 160
i_batch= 200
i_batch= 240
i_batch= 280
i_batch= 320
i_batch= 360
i_batch= 400
1 70
i_batch= 40
i_batch= 80
i_batch= 120
i_batch= 160
i_batch= 200
i_batch= 240
i_batch= 280
i_batch= 320
i_batch= 360
i_batch= 400
1 75
i_batch= 40
i_batch= 80
i_batch= 120
i_batch= 160
i_batch= 200
i_batch= 240
i_batch= 280
i_batch= 320
i_batch= 360
i_batch= 400
1 80
i_batch= 40
i_batch= 80
i_batch= 120
i_batch= 160
i_batch= 200
i_batch= 240
i_batch= 280
i_batch= 320
i_batch= 360
i_batch= 400
1 85
i_batch= 40
i_batch= 80
i_batch= 120
i_batch= 160
i_batch= 200
i_batch= 240
i_batch= 280
i_batch= 320
i_batch= 360
i_batch= 400
1 90
i_batch= 40
i_batch= 80
i_batch= 120
i_batch= 160
i_batch= 200
i_batch= 240
i_batch= 280
i_batch= 320
i_batch= 360
i_batch= 400
1 95
i_batch= 40
i_batch= 80
i_batch= 120
i_batch= 160
i_batch= 200
i_batch= 240
i_batch= 280
i_batch= 320
i_batch= 360
i_batch= 400
1 100
i_batch= 40
i_batch= 80
i_batch= 120
i_batch= 160
i_batch= 200
i_batch= 240
i_batch= 280
i_batch= 320
i_batch= 360
i_batch= 400
1 105
i_batch= 40
i_batch= 80
i_batch= 120
i_batch= 160
i_batch= 200
i_batch= 240
i_batch= 280
i_batch= 320
i_batch= 360
i_batch= 400
1 110
i_batch= 40
i_batch= 80
i_batch= 120
i_batch= 160
i_batch= 200
i_batch= 240
i_batch= 280
i_batch= 320
i_batch= 360
i_batch= 400
1 115
i_batch= 40
i_batch= 80
i_batch= 120
i_batch= 160
i_batch= 200
i_batch= 240
i_batch= 280
i_batch= 320
i_batch= 360
i_batch= 400
1 120
i_batch= 40
i_batch= 80
i_batch= 120
i_batch= 160
i_batch= 200
i_batch= 240
i_batch= 280
i_batch= 320
i_batch= 360
i_batch= 400
unperturbed patterns= [[0.01969262 9.25096089 0.08895669 0.1753187  0.86292877 3.33836918]
 [5.94545063 0.2999169  0.92943735 4.92809504 0.18099359 0.13034488]
 [2.06001676 1.65052505 0.59271127 1.23197776 7.7523306  1.58564131]]
1 10
i_batch= 40
i_batch= 80
i_batch= 120
i_batch= 160
i_batch= 200
i_batch= 240
i_batch= 280
i_batch= 320
i_batch= 360
i_batch= 400
1 15
i_batch= 40
i_batch= 80
i_batch= 120
i_batch= 160
i_batch= 200
i_batch= 240
i_batch= 280
i_batch= 320
i_batch= 360
i_batch= 400
1 20
i_batch= 40
i_batch= 80
i_batch= 120
i_batch= 160
i_batch= 200
i_batch= 240
i_batch= 280
i_batch= 320
i_batch= 360
i_batch= 400
1 25
i_batch= 40
i_batch= 80
i_batch= 120
i_batch= 160
i_batch= 200
i_batch= 240
i_batch= 280
i_batch= 320
i_batch= 360
i_batch= 400
1 30
i_batch= 40
i_batch= 80
i_batch= 120
i_batch= 160
i_batch= 200
i_batch= 240
i_batch= 280
i_batch= 320
i_batch= 360
i_batch= 400
1 35
i_batch= 40
i_batch= 80
i_batch= 120
i_batch= 160
i_batch= 200
i_batch= 240
i_batch= 280
i_batch= 320
i_batch= 360
i_batch= 400
1 40
i_batch= 40
i_batch= 80
i_batch= 120
i_batch= 160
i_batch= 200
i_batch= 240
i_batch= 280
i_batch= 320
i_batch= 360
i_batch= 400
1 45
i_batch= 40
i_batch= 80
i_batch= 120
i_batch= 160
i_batch= 200
i_batch= 240
i_batch= 280
i_batch= 320
i_batch= 360
i_batch= 400
1 50
i_batch= 40
i_batch= 80
i_batch= 120
i_batch= 160
i_batch= 200
i_batch= 240
i_batch= 280
i_batch= 320
i_batch= 360
i_batch= 400
1 55
i_batch= 40
i_batch= 80
i_batch= 120
i_batch= 160
i_batch= 200
i_batch= 240
i_batch= 280
i_batch= 320
i_batch= 360
i_batch= 400
1 60
i_batch= 40
i_batch= 80
i_batch= 120
i_batch= 160
i_batch= 200
i_batch= 240
i_batch= 280
i_batch= 320
i_batch= 360
i_batch= 400
1 65
i_batch= 40
i_batch= 80
i_batch= 120
i_batch= 160
i_batch= 200
i_batch= 240
i_batch= 280
i_batch= 320
i_batch= 360
i_batch= 400
1 70
i_batch= 40
i_batch= 80
i_batch= 120
i_batch= 160
i_batch= 200
i_batch= 240
i_batch= 280
i_batch= 320
i_batch= 360
i_batch= 400
1 75
i_batch= 40
i_batch= 80
i_batch= 120
i_batch= 160
i_batch= 200
i_batch= 240
i_batch= 280
i_batch= 320
i_batch= 360
i_batch= 400
1 80
i_batch= 40
i_batch= 80
i_batch= 120
i_batch= 160
i_batch= 200
i_batch= 240
i_batch= 280
i_batch= 320
i_batch= 360
i_batch= 400
1 85
i_batch= 40
i_batch= 80
i_batch= 120
i_batch= 160
i_batch= 200
i_batch= 240
i_batch= 280
i_batch= 320
i_batch= 360
i_batch= 400
1 90
i_batch= 40
i_batch= 80
i_batch= 120
i_batch= 160
i_batch= 200
i_batch= 240
i_batch= 280
i_batch= 320
i_batch= 360
i_batch= 400
1 95
i_batch= 40
i_batch= 80
i_batch= 120
i_batch= 160
i_batch= 200
i_batch= 240
i_batch= 280
i_batch= 320
i_batch= 360
i_batch= 400
1 100
i_batch= 40
i_batch= 80
i_batch= 120
i_batch= 160
i_batch= 200
i_batch= 240
i_batch= 280
i_batch= 320
i_batch= 360
i_batch= 400
1 105
i_batch= 40
i_batch= 80
i_batch= 120
i_batch= 160
i_batch= 200
i_batch= 240
i_batch= 280
i_batch= 320
i_batch= 360
i_batch= 400
1 110
i_batch= 40
i_batch= 80
i_batch= 120
i_batch= 160
i_batch= 200
i_batch= 240
i_batch= 280
i_batch= 320
i_batch= 360
i_batch= 400
1 115
i_batch= 40
i_batch= 80
i_batch= 120
i_batch= 160
i_batch= 200
i_batch= 240
i_batch= 280
i_batch= 320
i_batch= 360
i_batch= 400
1 120
i_batch= 40
i_batch= 80
i_batch= 120
i_batch= 160
i_batch= 200
i_batch= 240
i_batch= 280
i_batch= 320
i_batch= 360
i_batch= 400
unperturbed patterns= [[6.97776403e+01 2.46966634e+00 1.88636247e+00 5.59486402e+00
  4.21272663e-01 3.20392462e-01]
 [1.17526271e+00 5.34152050e-01 1.60752096e+00 1.02941336e+00
  3.23621836e-02 1.27264442e-01]
 [5.97322275e-01 1.94347738e+01 3.84064691e-01 2.21031794e+00
  2.80358781e+00 5.28483791e-01]]
1 10
i_batch= 40
i_batch= 80
i_batch= 120
i_batch= 160
i_batch= 200
i_batch= 240
i_batch= 280
i_batch= 320
i_batch= 360
i_batch= 400
1 15
i_batch= 40
i_batch= 80
i_batch= 120
i_batch= 160
i_batch= 200
i_batch= 240
i_batch= 280
i_batch= 320
i_batch= 360
i_batch= 400
1 20
i_batch= 40
i_batch= 80
i_batch= 120
i_batch= 160
i_batch= 200
i_batch= 240
i_batch= 280
i_batch= 320
i_batch= 360
i_batch= 400
1 25
i_batch= 40
i_batch= 80
i_batch= 120
i_batch= 160
i_batch= 200
i_batch= 240
i_batch= 280
i_batch= 320
i_batch= 360
i_batch= 400
1 30
i_batch= 40
i_batch= 80
i_batch= 120
i_batch= 160
i_batch= 200
i_batch= 240
i_batch= 280
i_batch= 320
i_batch= 360
i_batch= 400
1 35
i_batch= 40
i_batch= 80
i_batch= 120
i_batch= 160
i_batch= 200
i_batch= 240
i_batch= 280
i_batch= 320
i_batch= 360
i_batch= 400
1 40
i_batch= 40
i_batch= 80
i_batch= 120
i_batch= 160
i_batch= 200
i_batch= 240
i_batch= 280
i_batch= 320
i_batch= 360
i_batch= 400
1 45
i_batch= 40
i_batch= 80
i_batch= 120
i_batch= 160
i_batch= 200
i_batch= 240
i_batch= 280
i_batch= 320
i_batch= 360
i_batch= 400
1 50
i_batch= 40
i_batch= 80
i_batch= 120
i_batch= 160
i_batch= 200
i_batch= 240
i_batch= 280
i_batch= 320
i_batch= 360
i_batch= 400
1 55
i_batch= 40
i_batch= 80
i_batch= 120
i_batch= 160
i_batch= 200
i_batch= 240
i_batch= 280
i_batch= 320
i_batch= 360
i_batch= 400
1 60
i_batch= 40
i_batch= 80
i_batch= 120
i_batch= 160
i_batch= 200
i_batch= 240
i_batch= 280
i_batch= 320
i_batch= 360
i_batch= 400
1 65
i_batch= 40
i_batch= 80
i_batch= 120
i_batch= 160
i_batch= 200
i_batch= 240
i_batch= 280
i_batch= 320
i_batch= 360
i_batch= 400
1 70
i_batch= 40
i_batch= 80
i_batch= 120
i_batch= 160
i_batch= 200
i_batch= 240
i_batch= 280
i_batch= 320
i_batch= 360
i_batch= 400
1 75
i_batch= 40
i_batch= 80
i_batch= 120
i_batch= 160
i_batch= 200
i_batch= 240
i_batch= 280
i_batch= 320
i_batch= 360
i_batch= 400
1 80
i_batch= 40
i_batch= 80
i_batch= 120
i_batch= 160
i_batch= 200
i_batch= 240
i_batch= 280
i_batch= 320
i_batch= 360
i_batch= 400
1 85
i_batch= 40
i_batch= 80
i_batch= 120
i_batch= 160
i_batch= 200
i_batch= 240
i_batch= 280
i_batch= 320
i_batch= 360
i_batch= 400
1 90
i_batch= 40
i_batch= 80
i_batch= 120
i_batch= 160
i_batch= 200
i_batch= 240
i_batch= 280
i_batch= 320
i_batch= 360
i_batch= 400
1 95
i_batch= 40
i_batch= 80
i_batch= 120
i_batch= 160
i_batch= 200
i_batch= 240
i_batch= 280
i_batch= 320
i_batch= 360
i_batch= 400
1 100
i_batch= 40
i_batch= 80
i_batch= 120
i_batch= 160
i_batch= 200
i_batch= 240
i_batch= 280
i_batch= 320
i_batch= 360
i_batch= 400
1 105
i_batch= 40
i_batch= 80
i_batch= 120
i_batch= 160
i_batch= 200
i_batch= 240
i_batch= 280
i_batch= 320
i_batch= 360
i_batch= 400
1 110
i_batch= 40
i_batch= 80
i_batch= 120
i_batch= 160
i_batch= 200
i_batch= 240
i_batch= 280
i_batch= 320
i_batch= 360
i_batch= 400
1 115
i_batch= 40
i_batch= 80
i_batch= 120
i_batch= 160
i_batch= 200
i_batch= 240
i_batch= 280
i_batch= 320
i_batch= 360
i_batch= 400
1 120
i_batch= 40
i_batch= 80
i_batch= 120
i_batch= 160
i_batch= 200
i_batch= 240
i_batch= 280
i_batch= 320
i_batch= 360
i_batch= 400
unperturbed patterns= [[0.13602439 0.14529769 0.13981762 2.26335559 0.91935296 0.37606967]
 [2.60073678 0.25054701 0.16193905 3.08503946 1.13646815 2.53591372]
 [0.26125997 1.24196119 1.65877194 1.67128216 0.10413643 0.10080268]]
1 10
i_batch= 40
i_batch= 80
i_batch= 120
i_batch= 160
i_batch= 200
i_batch= 240
i_batch= 280
i_batch= 320
i_batch= 360
i_batch= 400
1 15
i_batch= 40
i_batch= 80
i_batch= 120
i_batch= 160
i_batch= 200
i_batch= 240
i_batch= 280
i_batch= 320
i_batch= 360
i_batch= 400
1 20
i_batch= 40
i_batch= 80
i_batch= 120
i_batch= 160
i_batch= 200
i_batch= 240
i_batch= 280
i_batch= 320
i_batch= 360
i_batch= 400
1 25
i_batch= 40
i_batch= 80
i_batch= 120
i_batch= 160
i_batch= 200
i_batch= 240
i_batch= 280
i_batch= 320
i_batch= 360
i_batch= 400
1 30
i_batch= 40
i_batch= 80
i_batch= 120
i_batch= 160
i_batch= 200
i_batch= 240
i_batch= 280
i_batch= 320
i_batch= 360
i_batch= 400
1 35
i_batch= 40
i_batch= 80
i_batch= 120
i_batch= 160
i_batch= 200
i_batch= 240
i_batch= 280
i_batch= 320
i_batch= 360
i_batch= 400
1 40
i_batch= 40
i_batch= 80
i_batch= 120
i_batch= 160
i_batch= 200
i_batch= 240
i_batch= 280
i_batch= 320
i_batch= 360
i_batch= 400
1 45
i_batch= 40
i_batch= 80
i_batch= 120
i_batch= 160
i_batch= 200
i_batch= 240
i_batch= 280
i_batch= 320
i_batch= 360
i_batch= 400
1 50
i_batch= 40
i_batch= 80
i_batch= 120
i_batch= 160
i_batch= 200
i_batch= 240
i_batch= 280
i_batch= 320
i_batch= 360
i_batch= 400
1 55
i_batch= 40
i_batch= 80
i_batch= 120
i_batch= 160
i_batch= 200
i_batch= 240
i_batch= 280
i_batch= 320
i_batch= 360
i_batch= 400
1 60
i_batch= 40
i_batch= 80
i_batch= 120
i_batch= 160
i_batch= 200
i_batch= 240
i_batch= 280
i_batch= 320
i_batch= 360
i_batch= 400
1 65
i_batch= 40
i_batch= 80
i_batch= 120
i_batch= 160
i_batch= 200
i_batch= 240
i_batch= 280
i_batch= 320
i_batch= 360
i_batch= 400
1 70
i_batch= 40
i_batch= 80
i_batch= 120
i_batch= 160
i_batch= 200
i_batch= 240
i_batch= 280
i_batch= 320
i_batch= 360
i_batch= 400
1 75
i_batch= 40
i_batch= 80
i_batch= 120
i_batch= 160
i_batch= 200
i_batch= 240
i_batch= 280
i_batch= 320
i_batch= 360
i_batch= 400
1 80
i_batch= 40
i_batch= 80
i_batch= 120
i_batch= 160
i_batch= 200
i_batch= 240
i_batch= 280
i_batch= 320
i_batch= 360
i_batch= 400
1 85
i_batch= 40
i_batch= 80
i_batch= 120
i_batch= 160
i_batch= 200
i_batch= 240
i_batch= 280
i_batch= 320
i_batch= 360
i_batch= 400
1 90
i_batch= 40
i_batch= 80
i_batch= 120
i_batch= 160
i_batch= 200
i_batch= 240
i_batch= 280
i_batch= 320
i_batch= 360
i_batch= 400
1 95
i_batch= 40
i_batch= 80
i_batch= 120
i_batch= 160
i_batch= 200
i_batch= 240
i_batch= 280
i_batch= 320
i_batch= 360
i_batch= 400
1 100
i_batch= 40
i_batch= 80
i_batch= 120
i_batch= 160
i_batch= 200
i_batch= 240
i_batch= 280
i_batch= 320
i_batch= 360
i_batch= 400
1 105
i_batch= 40
i_batch= 80
i_batch= 120
i_batch= 160
i_batch= 200
i_batch= 240
i_batch= 280
i_batch= 320
i_batch= 360
i_batch= 400
1 110
i_batch= 40
i_batch= 80
i_batch= 120
i_batch= 160
i_batch= 200
i_batch= 240
i_batch= 280
i_batch= 320
i_batch= 360
i_batch= 400
1 115
i_batch= 40
i_batch= 80
i_batch= 120
i_batch= 160
i_batch= 200
i_batch= 240
i_batch= 280
i_batch= 320
i_batch= 360
i_batch= 400
1 120
i_batch= 40
i_batch= 80
i_batch= 120
i_batch= 160
i_batch= 200
i_batch= 240
i_batch= 280
i_batch= 320
i_batch= 360
i_batch= 400
unperturbed patterns= [[0.04090619 0.54938644 2.58358935 1.20037562 3.60505694 0.21969258]
 [0.50199284 0.080602   0.51319699 0.03757989 0.17827537 8.37884331]
 [0.4464799  0.39969229 0.2253631  1.04619756 0.54616901 1.60782045]]
1 10
i_batch= 40
i_batch= 80
i_batch= 120
i_batch= 160
i_batch= 200
i_batch= 240
i_batch= 280
i_batch= 320
i_batch= 360
i_batch= 400
1 15
i_batch= 40
i_batch= 80
i_batch= 120
i_batch= 160
i_batch= 200
i_batch= 240
i_batch= 280
i_batch= 320
i_batch= 360
i_batch= 400
1 20
i_batch= 40
i_batch= 80
i_batch= 120
i_batch= 160
i_batch= 200
i_batch= 240
i_batch= 280
i_batch= 320
i_batch= 360
i_batch= 400
1 25
i_batch= 40
i_batch= 80
i_batch= 120
i_batch= 160
i_batch= 200
i_batch= 240
i_batch= 280
i_batch= 320
i_batch= 360
i_batch= 400
1 30
i_batch= 40
i_batch= 80
i_batch= 120
i_batch= 160
i_batch= 200
i_batch= 240
i_batch= 280
i_batch= 320
i_batch= 360
i_batch= 400
1 35
i_batch= 40
i_batch= 80
i_batch= 120
i_batch= 160
i_batch= 200
i_batch= 240
i_batch= 280
i_batch= 320
i_batch= 360
i_batch= 400
1 40
i_batch= 40
i_batch= 80
i_batch= 120
i_batch= 160
i_batch= 200
i_batch= 240
i_batch= 280
i_batch= 320
i_batch= 360
i_batch= 400
1 45
i_batch= 40
i_batch= 80
i_batch= 120
i_batch= 160
i_batch= 200
i_batch= 240
i_batch= 280
i_batch= 320
i_batch= 360
i_batch= 400
1 50
i_batch= 40
i_batch= 80
i_batch= 120
i_batch= 160
i_batch= 200
i_batch= 240
i_batch= 280
i_batch= 320
i_batch= 360
i_batch= 400
1 55
i_batch= 40
i_batch= 80
i_batch= 120
i_batch= 160
i_batch= 200
i_batch= 240
i_batch= 280
i_batch= 320
i_batch= 360
i_batch= 400
1 60
i_batch= 40
i_batch= 80
i_batch= 120
i_batch= 160
i_batch= 200
i_batch= 240
i_batch= 280
i_batch= 320
i_batch= 360
i_batch= 400
1 65
i_batch= 40
i_batch= 80
i_batch= 120
i_batch= 160
i_batch= 200
i_batch= 240
i_batch= 280
i_batch= 320
i_batch= 360
i_batch= 400
1 70
i_batch= 40
i_batch= 80
i_batch= 120
i_batch= 160
i_batch= 200
i_batch= 240
i_batch= 280
i_batch= 320
i_batch= 360
i_batch= 400
1 75
i_batch= 40
i_batch= 80
i_batch= 120
i_batch= 160
i_batch= 200
i_batch= 240
i_batch= 280
i_batch= 320
i_batch= 360
i_batch= 400
1 80
i_batch= 40
i_batch= 80
i_batch= 120
i_batch= 160
i_batch= 200
i_batch= 240
i_batch= 280
i_batch= 320
i_batch= 360
i_batch= 400
1 85
i_batch= 40
i_batch= 80
i_batch= 120
i_batch= 160
i_batch= 200
i_batch= 240
i_batch= 280
i_batch= 320
i_batch= 360
i_batch= 400
1 90
i_batch= 40
i_batch= 80
i_batch= 120
i_batch= 160
i_batch= 200
i_batch= 240
i_batch= 280
i_batch= 320
i_batch= 360
i_batch= 400
1 95
i_batch= 40
i_batch= 80
i_batch= 120
i_batch= 160
i_batch= 200
i_batch= 240
i_batch= 280
i_batch= 320
i_batch= 360
i_batch= 400
1 100
i_batch= 40
i_batch= 80
i_batch= 120
i_batch= 160
i_batch= 200
i_batch= 240
i_batch= 280
i_batch= 320
i_batch= 360
i_batch= 400
1 105
i_batch= 40
i_batch= 80
i_batch= 120
i_batch= 160
i_batch= 200
i_batch= 240
i_batch= 280
i_batch= 320
i_batch= 360
i_batch= 400
1 110
i_batch= 40
i_batch= 80
i_batch= 120
i_batch= 160
i_batch= 200
i_batch= 240
i_batch= 280
i_batch= 320
i_batch= 360
i_batch= 400
1 115
i_batch= 40
i_batch= 80
i_batch= 120
i_batch= 160
i_batch= 200
i_batch= 240
i_batch= 280
i_batch= 320
i_batch= 360
i_batch= 400
1 120
i_batch= 40
i_batch= 80
i_batch= 120
i_batch= 160
i_batch= 200
i_batch= 240
i_batch= 280
i_batch= 320
i_batch= 360
i_batch= 400
unperturbed patterns= [[0.23459015 3.49423904 1.2466621  0.55527292 3.78899158 0.59891282]
 [0.32626431 1.38136272 1.14385824 0.79805178 0.36312184 0.58365729]
 [0.71694689 4.97685466 0.09027006 4.69896601 1.617943   0.18164181]]
1 10
i_batch= 40
i_batch= 80
i_batch= 120
i_batch= 160
i_batch= 200
i_batch= 240
i_batch= 280
i_batch= 320
i_batch= 360
i_batch= 400
1 15
i_batch= 40
i_batch= 80
i_batch= 120
i_batch= 160
i_batch= 200
i_batch= 240
i_batch= 280
i_batch= 320
i_batch= 360
i_batch= 400
1 20
i_batch= 40
i_batch= 80
i_batch= 120
i_batch= 160
i_batch= 200
i_batch= 240
i_batch= 280
i_batch= 320
i_batch= 360
i_batch= 400
1 25
i_batch= 40
i_batch= 80
i_batch= 120
i_batch= 160
i_batch= 200
i_batch= 240
i_batch= 280
i_batch= 320
i_batch= 360
i_batch= 400
1 30
i_batch= 40
i_batch= 80
i_batch= 120
i_batch= 160
i_batch= 200
i_batch= 240
i_batch= 280
i_batch= 320
i_batch= 360
i_batch= 400
1 35
i_batch= 40
i_batch= 80
i_batch= 120
i_batch= 160
i_batch= 200
i_batch= 240
i_batch= 280
i_batch= 320
i_batch= 360
i_batch= 400
1 40
i_batch= 40
i_batch= 80
i_batch= 120
i_batch= 160
i_batch= 200
i_batch= 240
i_batch= 280
i_batch= 320
i_batch= 360
i_batch= 400
1 45
i_batch= 40
i_batch= 80
i_batch= 120
i_batch= 160
i_batch= 200
i_batch= 240
i_batch= 280
i_batch= 320
i_batch= 360
i_batch= 400
1 50
i_batch= 40
i_batch= 80
i_batch= 120
i_batch= 160
i_batch= 200
i_batch= 240
i_batch= 280
i_batch= 320
i_batch= 360
i_batch= 400
1 55
i_batch= 40
i_batch= 80
i_batch= 120
i_batch= 160
i_batch= 200
i_batch= 240
i_batch= 280
i_batch= 320
i_batch= 360
i_batch= 400
1 60
i_batch= 40
i_batch= 80
i_batch= 120
i_batch= 160
i_batch= 200
i_batch= 240
i_batch= 280
i_batch= 320
i_batch= 360
i_batch= 400
1 65
i_batch= 40
i_batch= 80
i_batch= 120
i_batch= 160
i_batch= 200
i_batch= 240
i_batch= 280
i_batch= 320
i_batch= 360
i_batch= 400
1 70
i_batch= 40
i_batch= 80
i_batch= 120
i_batch= 160
i_batch= 200
i_batch= 240
i_batch= 280
i_batch= 320
i_batch= 360
i_batch= 400
1 75
i_batch= 40
i_batch= 80
i_batch= 120
i_batch= 160
i_batch= 200
i_batch= 240
i_batch= 280
i_batch= 320
i_batch= 360
i_batch= 400
1 80
i_batch= 40
i_batch= 80
i_batch= 120
i_batch= 160
i_batch= 200
i_batch= 240
i_batch= 280
i_batch= 320
i_batch= 360
i_batch= 400
1 85
i_batch= 40
i_batch= 80
i_batch= 120
i_batch= 160
i_batch= 200
i_batch= 240
i_batch= 280
i_batch= 320
i_batch= 360
i_batch= 400
1 90
i_batch= 40
i_batch= 80
i_batch= 120
i_batch= 160
i_batch= 200
i_batch= 240
i_batch= 280
i_batch= 320
i_batch= 360
i_batch= 400
1 95
i_batch= 40
i_batch= 80
i_batch= 120
i_batch= 160
i_batch= 200
i_batch= 240
i_batch= 280
i_batch= 320
i_batch= 360
i_batch= 400
1 100
i_batch= 40
i_batch= 80
i_batch= 120
i_batch= 160
i_batch= 200
i_batch= 240
i_batch= 280
i_batch= 320
i_batch= 360
i_batch= 400
1 105
i_batch= 40
i_batch= 80
i_batch= 120
i_batch= 160
i_batch= 200
i_batch= 240
i_batch= 280
i_batch= 320
i_batch= 360
i_batch= 400
1 110
i_batch= 40
i_batch= 80
i_batch= 120
i_batch= 160
i_batch= 200
i_batch= 240
i_batch= 280
i_batch= 320
i_batch= 360
i_batch= 400
1 115
i_batch= 40
i_batch= 80
i_batch= 120
i_batch= 160
i_batch= 200
i_batch= 240
i_batch= 280
i_batch= 320
i_batch= 360
i_batch= 400
1 120
i_batch= 40
i_batch= 80
i_batch= 120
i_batch= 160
i_batch= 200
i_batch= 240
i_batch= 280
i_batch= 320
i_batch= 360
i_batch= 400
unperturbed patterns= [[ 4.64247179  3.7992985   1.01600719  0.59368607  0.3335399   1.86678027]
 [ 0.28302581  0.05991843  0.98048231 12.57004603  2.88307561  0.3889325 ]
 [ 0.56151313  1.06295657  0.06838647  0.17069853  1.46514614  1.77506918]]
1 10
i_batch= 40
i_batch= 80
i_batch= 120
i_batch= 160
i_batch= 200
i_batch= 240
i_batch= 280
i_batch= 320
i_batch= 360
i_batch= 400
1 15
i_batch= 40
i_batch= 80
i_batch= 120
i_batch= 160
i_batch= 200
i_batch= 240
i_batch= 280
i_batch= 320
i_batch= 360
i_batch= 400
1 20
i_batch= 40
i_batch= 80
i_batch= 120
i_batch= 160
i_batch= 200
i_batch= 240
i_batch= 280
i_batch= 320
i_batch= 360
i_batch= 400
1 25
i_batch= 40
i_batch= 80
i_batch= 120
i_batch= 160
i_batch= 200
i_batch= 240
i_batch= 280
i_batch= 320
i_batch= 360
i_batch= 400
1 30
i_batch= 40
i_batch= 80
i_batch= 120
i_batch= 160
i_batch= 200
i_batch= 240
i_batch= 280
i_batch= 320
i_batch= 360
i_batch= 400
1 35
i_batch= 40
i_batch= 80
i_batch= 120
i_batch= 160
i_batch= 200
i_batch= 240
i_batch= 280
i_batch= 320
i_batch= 360
i_batch= 400
1 40
i_batch= 40
i_batch= 80
i_batch= 120
i_batch= 160
i_batch= 200
i_batch= 240
i_batch= 280
i_batch= 320
i_batch= 360
i_batch= 400
1 45
i_batch= 40
i_batch= 80
i_batch= 120
i_batch= 160
i_batch= 200
i_batch= 240
i_batch= 280
i_batch= 320
i_batch= 360
i_batch= 400
1 50
i_batch= 40
i_batch= 80
i_batch= 120
i_batch= 160
i_batch= 200
i_batch= 240
i_batch= 280
i_batch= 320
i_batch= 360
i_batch= 400
1 55
i_batch= 40
i_batch= 80
i_batch= 120
i_batch= 160
i_batch= 200
i_batch= 240
i_batch= 280
i_batch= 320
i_batch= 360
i_batch= 400
1 60
i_batch= 40
i_batch= 80
i_batch= 120
i_batch= 160
i_batch= 200
i_batch= 240
i_batch= 280
i_batch= 320
i_batch= 360
i_batch= 400
1 65
i_batch= 40
i_batch= 80
i_batch= 120
i_batch= 160
i_batch= 200
i_batch= 240
i_batch= 280
i_batch= 320
i_batch= 360
i_batch= 400
1 70
i_batch= 40
i_batch= 80
i_batch= 120
i_batch= 160
i_batch= 200
i_batch= 240
i_batch= 280
i_batch= 320
i_batch= 360
i_batch= 400
1 75
i_batch= 40
i_batch= 80
i_batch= 120
i_batch= 160
i_batch= 200
i_batch= 240
i_batch= 280
i_batch= 320
i_batch= 360
i_batch= 400
1 80
i_batch= 40
i_batch= 80
i_batch= 120
i_batch= 160
i_batch= 200
i_batch= 240
i_batch= 280
i_batch= 320
i_batch= 360
i_batch= 400
1 85
i_batch= 40
i_batch= 80
i_batch= 120
i_batch= 160
i_batch= 200
i_batch= 240
i_batch= 280
i_batch= 320
i_batch= 360
i_batch= 400
1 90
i_batch= 40
i_batch= 80
i_batch= 120
i_batch= 160
i_batch= 200
i_batch= 240
i_batch= 280
i_batch= 320
i_batch= 360
i_batch= 400
1 95
i_batch= 40
i_batch= 80
i_batch= 120
i_batch= 160
i_batch= 200
i_batch= 240
i_batch= 280
i_batch= 320
i_batch= 360
i_batch= 400
1 100
i_batch= 40
i_batch= 80
i_batch= 120
i_batch= 160
i_batch= 200
i_batch= 240
i_batch= 280
i_batch= 320
i_batch= 360
i_batch= 400
1 105
i_batch= 40
i_batch= 80
i_batch= 120
i_batch= 160
i_batch= 200
i_batch= 240
i_batch= 280
i_batch= 320
i_batch= 360
i_batch= 400
1 110
i_batch= 40
i_batch= 80
i_batch= 120
i_batch= 160
i_batch= 200
i_batch= 240
i_batch= 280
i_batch= 320
i_batch= 360
i_batch= 400
1 115
i_batch= 40
i_batch= 80
i_batch= 120
i_batch= 160
i_batch= 200
i_batch= 240
i_batch= 280
i_batch= 320
i_batch= 360
i_batch= 400
1 120
i_batch= 40
i_batch= 80
i_batch= 120
i_batch= 160
i_batch= 200
i_batch= 240
i_batch= 280
i_batch= 320
i_batch= 360
i_batch= 400
unperturbed patterns= [[0.1601411  6.10091684 0.07663367 5.2059473  0.28614023 0.09991739]
 [0.52000244 0.09028826 5.62230808 0.42087518 3.05872055 1.62846617]
 [0.29415505 0.24729027 0.79146238 0.37926857 0.30127392 4.42234564]]
1 10
i_batch= 40
i_batch= 80
i_batch= 120
i_batch= 160
i_batch= 200
i_batch= 240
i_batch= 280
i_batch= 320
i_batch= 360
i_batch= 400
1 15
i_batch= 40
i_batch= 80
i_batch= 120
i_batch= 160
i_batch= 200
i_batch= 240
i_batch= 280
i_batch= 320
i_batch= 360
i_batch= 400
1 20
i_batch= 40
i_batch= 80
i_batch= 120
i_batch= 160
i_batch= 200
i_batch= 240
i_batch= 280
i_batch= 320
i_batch= 360
i_batch= 400
1 25
i_batch= 40
i_batch= 80
i_batch= 120
i_batch= 160
i_batch= 200
i_batch= 240
i_batch= 280
i_batch= 320
i_batch= 360
i_batch= 400
1 30
i_batch= 40
i_batch= 80
i_batch= 120
i_batch= 160
i_batch= 200
i_batch= 240
i_batch= 280
i_batch= 320
i_batch= 360
i_batch= 400
1 35
i_batch= 40
i_batch= 80
i_batch= 120
i_batch= 160
i_batch= 200
i_batch= 240
i_batch= 280
i_batch= 320
i_batch= 360
i_batch= 400
1 40
i_batch= 40
i_batch= 80
i_batch= 120
i_batch= 160
i_batch= 200
i_batch= 240
i_batch= 280
i_batch= 320
i_batch= 360
i_batch= 400
1 45
i_batch= 40
i_batch= 80
i_batch= 120
i_batch= 160
i_batch= 200
i_batch= 240
i_batch= 280
i_batch= 320
i_batch= 360
i_batch= 400
1 50
i_batch= 40
i_batch= 80
i_batch= 120
i_batch= 160
i_batch= 200
i_batch= 240
i_batch= 280
i_batch= 320
i_batch= 360
i_batch= 400
1 55
i_batch= 40
i_batch= 80
i_batch= 120
i_batch= 160
i_batch= 200
i_batch= 240
i_batch= 280
i_batch= 320
i_batch= 360
i_batch= 400
1 60
i_batch= 40
i_batch= 80
i_batch= 120
i_batch= 160
i_batch= 200
i_batch= 240
i_batch= 280
i_batch= 320
i_batch= 360
i_batch= 400
1 65
i_batch= 40
i_batch= 80
i_batch= 120
i_batch= 160
i_batch= 200
i_batch= 240
i_batch= 280
i_batch= 320
i_batch= 360
i_batch= 400
1 70
i_batch= 40
i_batch= 80
i_batch= 120
i_batch= 160
i_batch= 200
i_batch= 240
i_batch= 280
i_batch= 320
i_batch= 360
i_batch= 400
1 75
i_batch= 40
i_batch= 80
i_batch= 120
i_batch= 160
i_batch= 200
i_batch= 240
i_batch= 280
i_batch= 320
i_batch= 360
i_batch= 400
1 80
i_batch= 40
i_batch= 80
i_batch= 120
i_batch= 160
i_batch= 200
i_batch= 240
i_batch= 280
i_batch= 320
i_batch= 360
i_batch= 400
1 85
i_batch= 40
i_batch= 80
i_batch= 120
i_batch= 160
i_batch= 200
i_batch= 240
i_batch= 280
i_batch= 320
i_batch= 360
i_batch= 400
1 90
i_batch= 40
i_batch= 80
i_batch= 120
i_batch= 160
i_batch= 200
i_batch= 240
i_batch= 280
i_batch= 320
i_batch= 360
i_batch= 400
1 95
i_batch= 40
i_batch= 80
i_batch= 120
i_batch= 160
i_batch= 200
i_batch= 240
i_batch= 280
i_batch= 320
i_batch= 360
i_batch= 400
1 100
i_batch= 40
i_batch= 80
i_batch= 120
i_batch= 160
i_batch= 200
i_batch= 240
i_batch= 280
i_batch= 320
i_batch= 360
i_batch= 400
1 105
i_batch= 40
i_batch= 80
i_batch= 120
i_batch= 160
i_batch= 200
i_batch= 240
i_batch= 280
i_batch= 320
i_batch= 360
i_batch= 400
1 110
i_batch= 40
i_batch= 80
i_batch= 120
i_batch= 160
i_batch= 200
i_batch= 240
i_batch= 280
i_batch= 320
i_batch= 360
i_batch= 400
1 115
i_batch= 40
i_batch= 80
i_batch= 120
i_batch= 160
i_batch= 200
i_batch= 240
i_batch= 280
i_batch= 320
i_batch= 360
i_batch= 400
1 120
i_batch= 40
i_batch= 80
i_batch= 120
i_batch= 160
i_batch= 200
i_batch= 240
i_batch= 280
i_batch= 320
i_batch= 360
i_batch= 400
unperturbed patterns= [[5.85261543 1.84055278 0.51942648 0.1036335  0.17765187 0.88062562]
 [0.45505314 3.40607406 0.18473645 1.45580048 0.28670356 0.38532931]
 [0.22942548 0.14556301 6.02321812 2.09738011 2.51992289 0.12659236]]
1 10
i_batch= 40
i_batch= 80
i_batch= 120
i_batch= 160
i_batch= 200
i_batch= 240
i_batch= 280
i_batch= 320
i_batch= 360
i_batch= 400
1 15
i_batch= 40
i_batch= 80
i_batch= 120
i_batch= 160
i_batch= 200
i_batch= 240
i_batch= 280
i_batch= 320
i_batch= 360
i_batch= 400
1 20
i_batch= 40
i_batch= 80
i_batch= 120
i_batch= 160
i_batch= 200
i_batch= 240
i_batch= 280
i_batch= 320
i_batch= 360
i_batch= 400
1 25
i_batch= 40
i_batch= 80
i_batch= 120
i_batch= 160
i_batch= 200
i_batch= 240
i_batch= 280
i_batch= 320
i_batch= 360
i_batch= 400
1 30
i_batch= 40
i_batch= 80
i_batch= 120
i_batch= 160
i_batch= 200
i_batch= 240
i_batch= 280
i_batch= 320
i_batch= 360
i_batch= 400
1 35
i_batch= 40
i_batch= 80
i_batch= 120
i_batch= 160
i_batch= 200
i_batch= 240
i_batch= 280
i_batch= 320
i_batch= 360
i_batch= 400
1 40
i_batch= 40
i_batch= 80
i_batch= 120
i_batch= 160
i_batch= 200
i_batch= 240
i_batch= 280
i_batch= 320
i_batch= 360
i_batch= 400
1 45
i_batch= 40
i_batch= 80
i_batch= 120
i_batch= 160
i_batch= 200
i_batch= 240
i_batch= 280
i_batch= 320
i_batch= 360
i_batch= 400
1 50
i_batch= 40
i_batch= 80
i_batch= 120
i_batch= 160
i_batch= 200
i_batch= 240
i_batch= 280
i_batch= 320
i_batch= 360
i_batch= 400
1 55
i_batch= 40
i_batch= 80
i_batch= 120
i_batch= 160
i_batch= 200
i_batch= 240
i_batch= 280
i_batch= 320
i_batch= 360
i_batch= 400
1 60
i_batch= 40
i_batch= 80
i_batch= 120
i_batch= 160
i_batch= 200
i_batch= 240
i_batch= 280
i_batch= 320
i_batch= 360
i_batch= 400
1 65
i_batch= 40
i_batch= 80
i_batch= 120
i_batch= 160
i_batch= 200
i_batch= 240
i_batch= 280
i_batch= 320
i_batch= 360
i_batch= 400
1 70
i_batch= 40
i_batch= 80
i_batch= 120
i_batch= 160
i_batch= 200
i_batch= 240
i_batch= 280
i_batch= 320
i_batch= 360
i_batch= 400
1 75
i_batch= 40
i_batch= 80
i_batch= 120
i_batch= 160
i_batch= 200
i_batch= 240
i_batch= 280
i_batch= 320
i_batch= 360
i_batch= 400
1 80
i_batch= 40
i_batch= 80
i_batch= 120
i_batch= 160
i_batch= 200
i_batch= 240
i_batch= 280
i_batch= 320
i_batch= 360
i_batch= 400
1 85
i_batch= 40
i_batch= 80
i_batch= 120
i_batch= 160
i_batch= 200
i_batch= 240
i_batch= 280
i_batch= 320
i_batch= 360
i_batch= 400
1 90
i_batch= 40
i_batch= 80
i_batch= 120
i_batch= 160
i_batch= 200
i_batch= 240
i_batch= 280
i_batch= 320
i_batch= 360
i_batch= 400
1 95
i_batch= 40
i_batch= 80
i_batch= 120
i_batch= 160
i_batch= 200
i_batch= 240
i_batch= 280
i_batch= 320
i_batch= 360
i_batch= 400
1 100
i_batch= 40
i_batch= 80
i_batch= 120
i_batch= 160
i_batch= 200
i_batch= 240
i_batch= 280
i_batch= 320
i_batch= 360
i_batch= 400
1 105
i_batch= 40
i_batch= 80
i_batch= 120
i_batch= 160
i_batch= 200
i_batch= 240
i_batch= 280
i_batch= 320
i_batch= 360
i_batch= 400
1 110
i_batch= 40
i_batch= 80
i_batch= 120
i_batch= 160
i_batch= 200
i_batch= 240
i_batch= 280
i_batch= 320
i_batch= 360
i_batch= 400
1 115
i_batch= 40
i_batch= 80
i_batch= 120
i_batch= 160
i_batch= 200
i_batch= 240
i_batch= 280
i_batch= 320
i_batch= 360
i_batch= 400
1 120
i_batch= 40
i_batch= 80
i_batch= 120
i_batch= 160
i_batch= 200
i_batch= 240
i_batch= 280
i_batch= 320
i_batch= 360
i_batch= 400
unperturbed patterns= [[ 0.96504825 10.75731821  0.61013591  1.69600321  6.34959858  1.96903132]
 [ 0.933495    3.25747719  0.31208137  1.72402089  0.16837685  0.87444497]
 [25.60882122  1.77291684  6.9048076   0.50277297  3.47958673  1.48064698]]
1 10
i_batch= 40
i_batch= 80
i_batch= 120
i_batch= 160
i_batch= 200
i_batch= 240
i_batch= 280
i_batch= 320
i_batch= 360
i_batch= 400
1 15
i_batch= 40
i_batch= 80
i_batch= 120
i_batch= 160
i_batch= 200
i_batch= 240
i_batch= 280
i_batch= 320
i_batch= 360
i_batch= 400
1 20
i_batch= 40
i_batch= 80
i_batch= 120
i_batch= 160
i_batch= 200
i_batch= 240
i_batch= 280
i_batch= 320
i_batch= 360
i_batch= 400
1 25
i_batch= 40
i_batch= 80
i_batch= 120
i_batch= 160
i_batch= 200
i_batch= 240
i_batch= 280
i_batch= 320
i_batch= 360
i_batch= 400
1 30
i_batch= 40
i_batch= 80
i_batch= 120
i_batch= 160
i_batch= 200
i_batch= 240
i_batch= 280
i_batch= 320
i_batch= 360
i_batch= 400
1 35
i_batch= 40
i_batch= 80
i_batch= 120
i_batch= 160
i_batch= 200
i_batch= 240
i_batch= 280
i_batch= 320
i_batch= 360
i_batch= 400
1 40
i_batch= 40
i_batch= 80
i_batch= 120
i_batch= 160
i_batch= 200
i_batch= 240
i_batch= 280
i_batch= 320
i_batch= 360
i_batch= 400
1 45
i_batch= 40
i_batch= 80
i_batch= 120
i_batch= 160
i_batch= 200
i_batch= 240
i_batch= 280
i_batch= 320
i_batch= 360
i_batch= 400
1 50
i_batch= 40
i_batch= 80
i_batch= 120
i_batch= 160
i_batch= 200
i_batch= 240
i_batch= 280
i_batch= 320
i_batch= 360
i_batch= 400
1 55
i_batch= 40
i_batch= 80
i_batch= 120
i_batch= 160
i_batch= 200
i_batch= 240
i_batch= 280
i_batch= 320
i_batch= 360
i_batch= 400
1 60
i_batch= 40
i_batch= 80
i_batch= 120
i_batch= 160
i_batch= 200
i_batch= 240
i_batch= 280
i_batch= 320
i_batch= 360
i_batch= 400
1 65
i_batch= 40
i_batch= 80
i_batch= 120
i_batch= 160
i_batch= 200
i_batch= 240
i_batch= 280
i_batch= 320
i_batch= 360
i_batch= 400
1 70
i_batch= 40
i_batch= 80
i_batch= 120
i_batch= 160
i_batch= 200
i_batch= 240
i_batch= 280
i_batch= 320
i_batch= 360
i_batch= 400
1 75
i_batch= 40
i_batch= 80
i_batch= 120
i_batch= 160
i_batch= 200
i_batch= 240
i_batch= 280
i_batch= 320
i_batch= 360
i_batch= 400
1 80
i_batch= 40
i_batch= 80
i_batch= 120
i_batch= 160
i_batch= 200
i_batch= 240
i_batch= 280
i_batch= 320
i_batch= 360
i_batch= 400
1 85
i_batch= 40
i_batch= 80
i_batch= 120
i_batch= 160
i_batch= 200
i_batch= 240
i_batch= 280
i_batch= 320
i_batch= 360
i_batch= 400
1 90
i_batch= 40
i_batch= 80
i_batch= 120
i_batch= 160
i_batch= 200
i_batch= 240
i_batch= 280
i_batch= 320
i_batch= 360
i_batch= 400
1 95
i_batch= 40
i_batch= 80
i_batch= 120
i_batch= 160
i_batch= 200
i_batch= 240
i_batch= 280
i_batch= 320
i_batch= 360
i_batch= 400
1 100
i_batch= 40
i_batch= 80
i_batch= 120
i_batch= 160
i_batch= 200
i_batch= 240
i_batch= 280
i_batch= 320
i_batch= 360
i_batch= 400
1 105
i_batch= 40
i_batch= 80
i_batch= 120
i_batch= 160
i_batch= 200
i_batch= 240
i_batch= 280
i_batch= 320
i_batch= 360
i_batch= 400
1 110
i_batch= 40
i_batch= 80
i_batch= 120
i_batch= 160
i_batch= 200
i_batch= 240
i_batch= 280
i_batch= 320
i_batch= 360
i_batch= 400
1 115
i_batch= 40
i_batch= 80
i_batch= 120
i_batch= 160
i_batch= 200
i_batch= 240
i_batch= 280
i_batch= 320
i_batch= 360
i_batch= 400
1 120
i_batch= 40
i_batch= 80
i_batch= 120
i_batch= 160
i_batch= 200
i_batch= 240
i_batch= 280
i_batch= 320
i_batch= 360
i_batch= 400
unperturbed patterns= [[0.25734338 0.30318161 1.94666443 1.46089721 0.69046684 0.19391197]
 [0.09414157 0.32440705 1.24974506 0.23881562 2.16300446 5.14883126]
 [1.87145332 8.65515408 1.32940773 0.83850303 0.07966664 1.33299766]]
1 10
i_batch= 40
i_batch= 80
i_batch= 120
i_batch= 160
i_batch= 200
i_batch= 240
i_batch= 280
i_batch= 320
i_batch= 360
i_batch= 400
1 15
i_batch= 40
i_batch= 80
i_batch= 120
i_batch= 160
i_batch= 200
i_batch= 240
i_batch= 280
i_batch= 320
i_batch= 360
i_batch= 400
1 20
i_batch= 40
i_batch= 80
i_batch= 120
i_batch= 160
i_batch= 200
i_batch= 240
i_batch= 280
i_batch= 320
i_batch= 360
i_batch= 400
1 25
i_batch= 40
i_batch= 80
i_batch= 120
i_batch= 160
i_batch= 200
i_batch= 240
i_batch= 280
i_batch= 320
i_batch= 360
i_batch= 400
1 30
i_batch= 40
i_batch= 80
i_batch= 120
i_batch= 160
i_batch= 200
i_batch= 240
i_batch= 280
i_batch= 320
i_batch= 360
i_batch= 400
1 35
i_batch= 40
i_batch= 80
i_batch= 120
i_batch= 160
i_batch= 200
i_batch= 240
i_batch= 280
i_batch= 320
i_batch= 360
i_batch= 400
1 40
i_batch= 40
i_batch= 80
i_batch= 120
i_batch= 160
i_batch= 200
i_batch= 240
i_batch= 280
i_batch= 320
i_batch= 360
i_batch= 400
1 45
i_batch= 40
i_batch= 80
i_batch= 120
i_batch= 160
i_batch= 200
i_batch= 240
i_batch= 280
i_batch= 320
i_batch= 360
i_batch= 400
1 50
i_batch= 40
i_batch= 80
i_batch= 120
i_batch= 160
i_batch= 200
i_batch= 240
i_batch= 280
i_batch= 320
i_batch= 360
i_batch= 400
1 55
i_batch= 40
i_batch= 80
i_batch= 120
i_batch= 160
i_batch= 200
i_batch= 240
i_batch= 280
i_batch= 320
i_batch= 360
i_batch= 400
1 60
i_batch= 40
i_batch= 80
i_batch= 120
i_batch= 160
i_batch= 200
i_batch= 240
i_batch= 280
i_batch= 320
i_batch= 360
i_batch= 400
1 65
i_batch= 40
i_batch= 80
i_batch= 120
i_batch= 160
i_batch= 200
i_batch= 240
i_batch= 280
i_batch= 320
i_batch= 360
i_batch= 400
1 70
i_batch= 40
i_batch= 80
i_batch= 120
i_batch= 160
i_batch= 200
i_batch= 240
i_batch= 280
i_batch= 320
i_batch= 360
i_batch= 400
1 75
i_batch= 40
i_batch= 80
i_batch= 120
i_batch= 160
i_batch= 200
i_batch= 240
i_batch= 280
i_batch= 320
i_batch= 360
i_batch= 400
1 80
i_batch= 40
i_batch= 80
i_batch= 120
i_batch= 160
i_batch= 200
i_batch= 240
i_batch= 280
i_batch= 320
i_batch= 360
i_batch= 400
1 85
i_batch= 40
i_batch= 80
i_batch= 120
i_batch= 160
i_batch= 200
i_batch= 240
i_batch= 280
i_batch= 320
i_batch= 360
i_batch= 400
1 90
i_batch= 40
i_batch= 80
i_batch= 120
i_batch= 160
i_batch= 200
i_batch= 240
i_batch= 280
i_batch= 320
i_batch= 360
i_batch= 400
1 95
i_batch= 40
i_batch= 80
i_batch= 120
i_batch= 160
i_batch= 200
i_batch= 240
i_batch= 280
i_batch= 320
i_batch= 360
i_batch= 400
1 100
i_batch= 40
i_batch= 80
i_batch= 120
i_batch= 160
i_batch= 200
i_batch= 240
i_batch= 280
i_batch= 320
i_batch= 360
i_batch= 400
1 105
i_batch= 40
i_batch= 80
i_batch= 120
i_batch= 160
i_batch= 200
i_batch= 240
i_batch= 280
i_batch= 320
i_batch= 360
i_batch= 400
1 110
i_batch= 40
i_batch= 80
i_batch= 120
i_batch= 160
i_batch= 200
i_batch= 240
i_batch= 280
i_batch= 320
i_batch= 360
i_batch= 400
1 115
i_batch= 40
i_batch= 80
i_batch= 120
i_batch= 160
i_batch= 200
i_batch= 240
i_batch= 280
i_batch= 320
i_batch= 360
i_batch= 400
1 120
i_batch= 40
i_batch= 80
i_batch= 120
i_batch= 160
i_batch= 200
i_batch= 240
i_batch= 280
i_batch= 320
i_batch= 360
i_batch= 400
unperturbed patterns= [[ 0.06019048  2.15741604  0.60456337 12.61443903  1.72153731  2.58157346]
 [ 1.04847299  1.02276347  4.72389024  0.24083616  1.12087243  0.20209961]
 [ 0.09368072  0.39318509  0.13150052  1.01342109  0.16486304  0.85565706]]
1 10
i_batch= 40
i_batch= 80
i_batch= 120
i_batch= 160
i_batch= 200
i_batch= 240
i_batch= 280
i_batch= 320
i_batch= 360
i_batch= 400
1 15
i_batch= 40
i_batch= 80
i_batch= 120
i_batch= 160
i_batch= 200
i_batch= 240
i_batch= 280
i_batch= 320
i_batch= 360
i_batch= 400
1 20
i_batch= 40
i_batch= 80
i_batch= 120
i_batch= 160
i_batch= 200
i_batch= 240
i_batch= 280
i_batch= 320
i_batch= 360
i_batch= 400
1 25
i_batch= 40
i_batch= 80
i_batch= 120
i_batch= 160
i_batch= 200
i_batch= 240
i_batch= 280
i_batch= 320
i_batch= 360
i_batch= 400
1 30
i_batch= 40
i_batch= 80
i_batch= 120
i_batch= 160
i_batch= 200
i_batch= 240
i_batch= 280
i_batch= 320
i_batch= 360
i_batch= 400
1 35
i_batch= 40
i_batch= 80
i_batch= 120
i_batch= 160
i_batch= 200
i_batch= 240
i_batch= 280
i_batch= 320
i_batch= 360
i_batch= 400
1 40
i_batch= 40
i_batch= 80
i_batch= 120
i_batch= 160
i_batch= 200
i_batch= 240
i_batch= 280
i_batch= 320
i_batch= 360
i_batch= 400
1 45
i_batch= 40
i_batch= 80
i_batch= 120
i_batch= 160
i_batch= 200
i_batch= 240
i_batch= 280
i_batch= 320
i_batch= 360
i_batch= 400
1 50
i_batch= 40
i_batch= 80
i_batch= 120
i_batch= 160
i_batch= 200
i_batch= 240
i_batch= 280
i_batch= 320
i_batch= 360
i_batch= 400
1 55
i_batch= 40
i_batch= 80
i_batch= 120
i_batch= 160
i_batch= 200
i_batch= 240
i_batch= 280
i_batch= 320
i_batch= 360
i_batch= 400
1 60
i_batch= 40
i_batch= 80
i_batch= 120
i_batch= 160
i_batch= 200
i_batch= 240
i_batch= 280
i_batch= 320
i_batch= 360
i_batch= 400
1 65
i_batch= 40
i_batch= 80
i_batch= 120
i_batch= 160
i_batch= 200
i_batch= 240
i_batch= 280
i_batch= 320
i_batch= 360
i_batch= 400
1 70
i_batch= 40
i_batch= 80
i_batch= 120
i_batch= 160
i_batch= 200
i_batch= 240
i_batch= 280
i_batch= 320
i_batch= 360
i_batch= 400
1 75
i_batch= 40
i_batch= 80
i_batch= 120
i_batch= 160
i_batch= 200
i_batch= 240
i_batch= 280
i_batch= 320
i_batch= 360
i_batch= 400
1 80
i_batch= 40
i_batch= 80
i_batch= 120
i_batch= 160
i_batch= 200
i_batch= 240
i_batch= 280
i_batch= 320
i_batch= 360
i_batch= 400
1 85
i_batch= 40
i_batch= 80
i_batch= 120
i_batch= 160
i_batch= 200
i_batch= 240
i_batch= 280
i_batch= 320
i_batch= 360
i_batch= 400
1 90
i_batch= 40
i_batch= 80
i_batch= 120
i_batch= 160
i_batch= 200
i_batch= 240
i_batch= 280
i_batch= 320
i_batch= 360
i_batch= 400
1 95
i_batch= 40
i_batch= 80
i_batch= 120
i_batch= 160
i_batch= 200
i_batch= 240
i_batch= 280
i_batch= 320
i_batch= 360
i_batch= 400
1 100
i_batch= 40
i_batch= 80
i_batch= 120
i_batch= 160
i_batch= 200
i_batch= 240
i_batch= 280
i_batch= 320
i_batch= 360
i_batch= 400
1 105
i_batch= 40
i_batch= 80
i_batch= 120
i_batch= 160
i_batch= 200
i_batch= 240
i_batch= 280
i_batch= 320
i_batch= 360
i_batch= 400
1 110
i_batch= 40
i_batch= 80
i_batch= 120
i_batch= 160
i_batch= 200
i_batch= 240
i_batch= 280
i_batch= 320
i_batch= 360
i_batch= 400
1 115
i_batch= 40
i_batch= 80
i_batch= 120
i_batch= 160
i_batch= 200
i_batch= 240
i_batch= 280
i_batch= 320
i_batch= 360
i_batch= 400
1 120
i_batch= 40
i_batch= 80
i_batch= 120
i_batch= 160
i_batch= 200
i_batch= 240
i_batch= 280
i_batch= 320
i_batch= 360
i_batch= 400
unperturbed patterns= [[ 0.42881373  0.23339244 41.44923665  0.33860534  1.26697024  1.38444693]
 [ 6.91338558  4.07906083  0.07910567  0.39306117  1.95898308  3.40557977]
 [ 2.35830736  0.13349308  1.55929305  1.46353214  1.8665441   0.30584525]]
1 10
i_batch= 40
i_batch= 80
i_batch= 120
i_batch= 160
i_batch= 200
i_batch= 240
i_batch= 280
i_batch= 320
i_batch= 360
i_batch= 400
1 15
i_batch= 40
i_batch= 80
i_batch= 120
i_batch= 160
i_batch= 200
i_batch= 240
i_batch= 280
i_batch= 320
i_batch= 360
i_batch= 400
1 20
i_batch= 40
i_batch= 80
i_batch= 120
i_batch= 160
i_batch= 200
i_batch= 240
i_batch= 280
i_batch= 320
i_batch= 360
i_batch= 400
1 25
i_batch= 40
i_batch= 80
i_batch= 120
i_batch= 160
i_batch= 200
i_batch= 240
i_batch= 280
i_batch= 320
i_batch= 360
i_batch= 400
1 30
i_batch= 40
i_batch= 80
i_batch= 120
i_batch= 160
i_batch= 200
i_batch= 240
i_batch= 280
i_batch= 320
i_batch= 360
i_batch= 400
1 35
i_batch= 40
i_batch= 80
i_batch= 120
i_batch= 160
i_batch= 200
i_batch= 240
i_batch= 280
i_batch= 320
i_batch= 360
i_batch= 400
1 40
i_batch= 40
i_batch= 80
i_batch= 120
i_batch= 160
i_batch= 200
i_batch= 240
i_batch= 280
i_batch= 320
i_batch= 360
i_batch= 400
1 45
i_batch= 40
i_batch= 80
i_batch= 120
i_batch= 160
i_batch= 200
i_batch= 240
i_batch= 280
i_batch= 320
i_batch= 360
i_batch= 400
1 50
i_batch= 40
i_batch= 80
i_batch= 120
i_batch= 160
i_batch= 200
i_batch= 240
i_batch= 280
i_batch= 320
i_batch= 360
i_batch= 400
1 55
i_batch= 40
i_batch= 80
i_batch= 120
i_batch= 160
i_batch= 200
i_batch= 240
i_batch= 280
i_batch= 320
i_batch= 360
i_batch= 400
1 60
i_batch= 40
i_batch= 80
i_batch= 120
i_batch= 160
i_batch= 200
i_batch= 240
i_batch= 280
i_batch= 320
i_batch= 360
i_batch= 400
1 65
i_batch= 40
i_batch= 80
i_batch= 120
i_batch= 160
i_batch= 200
i_batch= 240
i_batch= 280
i_batch= 320
i_batch= 360
i_batch= 400
1 70
i_batch= 40
i_batch= 80
i_batch= 120
i_batch= 160
i_batch= 200
i_batch= 240
i_batch= 280
i_batch= 320
i_batch= 360
i_batch= 400
1 75
i_batch= 40
i_batch= 80
i_batch= 120
i_batch= 160
i_batch= 200
i_batch= 240
i_batch= 280
i_batch= 320
i_batch= 360
i_batch= 400
1 80
i_batch= 40
i_batch= 80
i_batch= 120
i_batch= 160
i_batch= 200
i_batch= 240
i_batch= 280
i_batch= 320
i_batch= 360
i_batch= 400
1 85
i_batch= 40
i_batch= 80
i_batch= 120
i_batch= 160
i_batch= 200
i_batch= 240
i_batch= 280
i_batch= 320
i_batch= 360
i_batch= 400
1 90
i_batch= 40
i_batch= 80
i_batch= 120
i_batch= 160
i_batch= 200
i_batch= 240
i_batch= 280
i_batch= 320
i_batch= 360
i_batch= 400
1 95
i_batch= 40
i_batch= 80
i_batch= 120
i_batch= 160
i_batch= 200
i_batch= 240
i_batch= 280
i_batch= 320
i_batch= 360
i_batch= 400
1 100
i_batch= 40
i_batch= 80
i_batch= 120
i_batch= 160
i_batch= 200
i_batch= 240
i_batch= 280
i_batch= 320
i_batch= 360
i_batch= 400
1 105
i_batch= 40
i_batch= 80
i_batch= 120
i_batch= 160
i_batch= 200
i_batch= 240
i_batch= 280
i_batch= 320
i_batch= 360
i_batch= 400
1 110
i_batch= 40
i_batch= 80
i_batch= 120
i_batch= 160
i_batch= 200
i_batch= 240
i_batch= 280
i_batch= 320
i_batch= 360
i_batch= 400
1 115
i_batch= 40
i_batch= 80
i_batch= 120
i_batch= 160
i_batch= 200
i_batch= 240
i_batch= 280
i_batch= 320
i_batch= 360
i_batch= 400
1 120
i_batch= 40
i_batch= 80
i_batch= 120
i_batch= 160
i_batch= 200
i_batch= 240
i_batch= 280
i_batch= 320
i_batch= 360
i_batch= 400
unperturbed patterns= [[ 0.18719894  0.67008722  0.54438902  0.05874199  0.46497708  0.16273134]
 [ 0.225347    0.39441321  5.89608087  2.36607155  6.23311991  0.11749265]
 [22.94601356  0.43432806  0.41262868  5.30281149  3.26973121  5.86066934]]
1 10
i_batch= 40
i_batch= 80
i_batch= 120
i_batch= 160
i_batch= 200
i_batch= 240
i_batch= 280
i_batch= 320
i_batch= 360
i_batch= 400
1 15
i_batch= 40
i_batch= 80
i_batch= 120
i_batch= 160
i_batch= 200
i_batch= 240
i_batch= 280
i_batch= 320
i_batch= 360
i_batch= 400
1 20
i_batch= 40
i_batch= 80
i_batch= 120
i_batch= 160
i_batch= 200
i_batch= 240
i_batch= 280
i_batch= 320
i_batch= 360
i_batch= 400
1 25
i_batch= 40
i_batch= 80
i_batch= 120
i_batch= 160
i_batch= 200
i_batch= 240
i_batch= 280
i_batch= 320
i_batch= 360
i_batch= 400
1 30
i_batch= 40
i_batch= 80
i_batch= 120
i_batch= 160
i_batch= 200
i_batch= 240
i_batch= 280
i_batch= 320
i_batch= 360
i_batch= 400
1 35
i_batch= 40
i_batch= 80
i_batch= 120
i_batch= 160
i_batch= 200
i_batch= 240
i_batch= 280
i_batch= 320
i_batch= 360
i_batch= 400
1 40
i_batch= 40
i_batch= 80
i_batch= 120
i_batch= 160
i_batch= 200
i_batch= 240
i_batch= 280
i_batch= 320
i_batch= 360
i_batch= 400
1 45
i_batch= 40
i_batch= 80
i_batch= 120
i_batch= 160
i_batch= 200
i_batch= 240
i_batch= 280
i_batch= 320
i_batch= 360
i_batch= 400
1 50
i_batch= 40
i_batch= 80
i_batch= 120
i_batch= 160
i_batch= 200
i_batch= 240
i_batch= 280
i_batch= 320
i_batch= 360
i_batch= 400
1 55
i_batch= 40
i_batch= 80
i_batch= 120
i_batch= 160
i_batch= 200
i_batch= 240
i_batch= 280
i_batch= 320
i_batch= 360
i_batch= 400
1 60
i_batch= 40
i_batch= 80
i_batch= 120
i_batch= 160
i_batch= 200
i_batch= 240
i_batch= 280
i_batch= 320
i_batch= 360
i_batch= 400
1 65
i_batch= 40
i_batch= 80
i_batch= 120
i_batch= 160
i_batch= 200
i_batch= 240
i_batch= 280
i_batch= 320
i_batch= 360
i_batch= 400
1 70
i_batch= 40
i_batch= 80
i_batch= 120
i_batch= 160
i_batch= 200
i_batch= 240
i_batch= 280
i_batch= 320
i_batch= 360
i_batch= 400
1 75
i_batch= 40
i_batch= 80
i_batch= 120
i_batch= 160
i_batch= 200
i_batch= 240
i_batch= 280
i_batch= 320
i_batch= 360
i_batch= 400
1 80
i_batch= 40
i_batch= 80
i_batch= 120
i_batch= 160
i_batch= 200
i_batch= 240
i_batch= 280
i_batch= 320
i_batch= 360
i_batch= 400
1 85
i_batch= 40
i_batch= 80
i_batch= 120
i_batch= 160
i_batch= 200
i_batch= 240
i_batch= 280
i_batch= 320
i_batch= 360
i_batch= 400
1 90
i_batch= 40
i_batch= 80
i_batch= 120
i_batch= 160
i_batch= 200
i_batch= 240
i_batch= 280
i_batch= 320
i_batch= 360
i_batch= 400
1 95
i_batch= 40
i_batch= 80
i_batch= 120
i_batch= 160
i_batch= 200
i_batch= 240
i_batch= 280
i_batch= 320
i_batch= 360
i_batch= 400
1 100
i_batch= 40
i_batch= 80
i_batch= 120
i_batch= 160
i_batch= 200
i_batch= 240
i_batch= 280
i_batch= 320
i_batch= 360
i_batch= 400
1 105
i_batch= 40
i_batch= 80
i_batch= 120
i_batch= 160
i_batch= 200
i_batch= 240
i_batch= 280
i_batch= 320
i_batch= 360
i_batch= 400
1 110
i_batch= 40
i_batch= 80
i_batch= 120
i_batch= 160
i_batch= 200
i_batch= 240
i_batch= 280
i_batch= 320
i_batch= 360
i_batch= 400
1 115
i_batch= 40
i_batch= 80
i_batch= 120
i_batch= 160
i_batch= 200
i_batch= 240
i_batch= 280
i_batch= 320
i_batch= 360
i_batch= 400
1 120
i_batch= 40
i_batch= 80
i_batch= 120
i_batch= 160
i_batch= 200
i_batch= 240
i_batch= 280
i_batch= 320
i_batch= 360
i_batch= 400
unperturbed patterns= [[ 0.19571817  5.99840534  0.10380959  0.06876397  1.44204913  2.80904018]
 [ 4.68086081  0.43525579  0.21923872  0.09228797  0.13639797  0.93237349]
 [66.45159841  2.83089974  0.46013397  4.99513362  5.3286644   0.32156451]]
1 10
i_batch= 40
i_batch= 80
i_batch= 120
i_batch= 160
i_batch= 200
i_batch= 240
i_batch= 280
i_batch= 320
i_batch= 360
i_batch= 400
1 15
i_batch= 40
i_batch= 80
i_batch= 120
i_batch= 160
i_batch= 200
i_batch= 240
i_batch= 280
i_batch= 320
i_batch= 360
i_batch= 400
1 20
i_batch= 40
i_batch= 80
i_batch= 120
i_batch= 160
i_batch= 200
i_batch= 240
i_batch= 280
i_batch= 320
i_batch= 360
i_batch= 400
1 25
i_batch= 40
i_batch= 80
i_batch= 120
i_batch= 160
i_batch= 200
i_batch= 240
i_batch= 280
i_batch= 320
i_batch= 360
i_batch= 400
1 30
i_batch= 40
i_batch= 80
i_batch= 120
i_batch= 160
i_batch= 200
i_batch= 240
i_batch= 280
i_batch= 320
i_batch= 360
i_batch= 400
1 35
i_batch= 40
i_batch= 80
i_batch= 120
i_batch= 160
i_batch= 200
i_batch= 240
i_batch= 280
i_batch= 320
i_batch= 360
i_batch= 400
1 40
i_batch= 40
i_batch= 80
i_batch= 120
i_batch= 160
i_batch= 200
i_batch= 240
i_batch= 280
i_batch= 320
i_batch= 360
i_batch= 400
1 45
i_batch= 40
i_batch= 80
i_batch= 120
i_batch= 160
i_batch= 200
i_batch= 240
i_batch= 280
i_batch= 320
i_batch= 360
i_batch= 400
1 50
i_batch= 40
i_batch= 80
i_batch= 120
i_batch= 160
i_batch= 200
i_batch= 240
i_batch= 280
i_batch= 320
i_batch= 360
i_batch= 400
1 55
i_batch= 40
i_batch= 80
i_batch= 120
i_batch= 160
i_batch= 200
i_batch= 240
i_batch= 280
i_batch= 320
i_batch= 360
i_batch= 400
1 60
i_batch= 40
i_batch= 80
i_batch= 120
i_batch= 160
i_batch= 200
i_batch= 240
i_batch= 280
i_batch= 320
i_batch= 360
i_batch= 400
1 65
i_batch= 40
i_batch= 80
i_batch= 120
i_batch= 160
i_batch= 200
i_batch= 240
i_batch= 280
i_batch= 320
i_batch= 360
i_batch= 400
1 70
i_batch= 40
i_batch= 80
i_batch= 120
i_batch= 160
i_batch= 200
i_batch= 240
i_batch= 280
i_batch= 320
i_batch= 360
i_batch= 400
1 75
i_batch= 40
i_batch= 80
i_batch= 120
i_batch= 160
i_batch= 200
i_batch= 240
i_batch= 280
i_batch= 320
i_batch= 360
i_batch= 400
1 80
i_batch= 40
i_batch= 80
i_batch= 120
i_batch= 160
i_batch= 200
i_batch= 240
i_batch= 280
i_batch= 320
i_batch= 360
i_batch= 400
1 85
i_batch= 40
i_batch= 80
i_batch= 120
i_batch= 160
i_batch= 200
i_batch= 240
i_batch= 280
i_batch= 320
i_batch= 360
i_batch= 400
1 90
i_batch= 40
i_batch= 80
i_batch= 120
i_batch= 160
i_batch= 200
i_batch= 240
i_batch= 280
i_batch= 320
i_batch= 360
i_batch= 400
1 95
i_batch= 40
i_batch= 80
i_batch= 120
i_batch= 160
i_batch= 200
i_batch= 240
i_batch= 280
i_batch= 320
i_batch= 360
i_batch= 400
1 100
i_batch= 40
i_batch= 80
i_batch= 120
i_batch= 160
i_batch= 200
i_batch= 240
i_batch= 280
i_batch= 320
i_batch= 360
i_batch= 400
1 105
i_batch= 40
i_batch= 80
i_batch= 120
i_batch= 160
i_batch= 200
i_batch= 240
i_batch= 280
i_batch= 320
i_batch= 360
i_batch= 400
1 110
i_batch= 40
i_batch= 80
i_batch= 120
i_batch= 160
i_batch= 200
i_batch= 240
i_batch= 280
i_batch= 320
i_batch= 360
i_batch= 400
1 115
i_batch= 40
i_batch= 80
i_batch= 120
i_batch= 160
i_batch= 200
i_batch= 240
i_batch= 280
i_batch= 320
i_batch= 360
i_batch= 400
1 120
i_batch= 40
i_batch= 80
i_batch= 120
i_batch= 160
i_batch= 200
i_batch= 240
i_batch= 280
i_batch= 320
i_batch= 360
i_batch= 400
unperturbed patterns= [[ 2.48140262  2.82023619  0.04349933  0.54488645  1.20542156  0.10212644]
 [ 5.59350026  0.25507693  0.71707466  0.06136705  6.96766298  2.0796988 ]
 [ 0.17366214  0.19351385 17.28537858  0.38358731  0.87978086  3.52350336]]
1 10
i_batch= 40
i_batch= 80
i_batch= 120
i_batch= 160
i_batch= 200
i_batch= 240
i_batch= 280
i_batch= 320
i_batch= 360
i_batch= 400
1 15
i_batch= 40
i_batch= 80
i_batch= 120
i_batch= 160
i_batch= 200
i_batch= 240
i_batch= 280
i_batch= 320
i_batch= 360
i_batch= 400
1 20
i_batch= 40
i_batch= 80
i_batch= 120
i_batch= 160
i_batch= 200
i_batch= 240
i_batch= 280
i_batch= 320
i_batch= 360
i_batch= 400
1 25
i_batch= 40
i_batch= 80
i_batch= 120
i_batch= 160
i_batch= 200
i_batch= 240
i_batch= 280
i_batch= 320
i_batch= 360
i_batch= 400
1 30
i_batch= 40
i_batch= 80
i_batch= 120
i_batch= 160
i_batch= 200
i_batch= 240
i_batch= 280
i_batch= 320
i_batch= 360
i_batch= 400
1 35
i_batch= 40
i_batch= 80
i_batch= 120
i_batch= 160
i_batch= 200
i_batch= 240
i_batch= 280
i_batch= 320
i_batch= 360
i_batch= 400
1 40
i_batch= 40
i_batch= 80
i_batch= 120
i_batch= 160
i_batch= 200
i_batch= 240
i_batch= 280
i_batch= 320
i_batch= 360
i_batch= 400
1 45
i_batch= 40
i_batch= 80
i_batch= 120
i_batch= 160
i_batch= 200
i_batch= 240
i_batch= 280
i_batch= 320
i_batch= 360
i_batch= 400
1 50
i_batch= 40
i_batch= 80
i_batch= 120
i_batch= 160
i_batch= 200
i_batch= 240
i_batch= 280
i_batch= 320
i_batch= 360
i_batch= 400
1 55
i_batch= 40
i_batch= 80
i_batch= 120
i_batch= 160
i_batch= 200
i_batch= 240
i_batch= 280
i_batch= 320
i_batch= 360
i_batch= 400
1 60
i_batch= 40
i_batch= 80
i_batch= 120
i_batch= 160
i_batch= 200
i_batch= 240
i_batch= 280
i_batch= 320
i_batch= 360
i_batch= 400
1 65
i_batch= 40
i_batch= 80
i_batch= 120
i_batch= 160
i_batch= 200
i_batch= 240
i_batch= 280
i_batch= 320
i_batch= 360
i_batch= 400
1 70
i_batch= 40
i_batch= 80
i_batch= 120
i_batch= 160
i_batch= 200
i_batch= 240
i_batch= 280
i_batch= 320
i_batch= 360
i_batch= 400
1 75
i_batch= 40
i_batch= 80
i_batch= 120
i_batch= 160
i_batch= 200
i_batch= 240
i_batch= 280
i_batch= 320
i_batch= 360
i_batch= 400
1 80
i_batch= 40
i_batch= 80
i_batch= 120
i_batch= 160
i_batch= 200
i_batch= 240
i_batch= 280
i_batch= 320
i_batch= 360
i_batch= 400
1 85
i_batch= 40
i_batch= 80
i_batch= 120
i_batch= 160
i_batch= 200
i_batch= 240
i_batch= 280
i_batch= 320
i_batch= 360
i_batch= 400
1 90
i_batch= 40
i_batch= 80
i_batch= 120
i_batch= 160
i_batch= 200
i_batch= 240
i_batch= 280
i_batch= 320
i_batch= 360
i_batch= 400
1 95
i_batch= 40
i_batch= 80
i_batch= 120
i_batch= 160
i_batch= 200
i_batch= 240
i_batch= 280
i_batch= 320
i_batch= 360
i_batch= 400
1 100
i_batch= 40
i_batch= 80
i_batch= 120
i_batch= 160
i_batch= 200
i_batch= 240
i_batch= 280
i_batch= 320
i_batch= 360
i_batch= 400
1 105
i_batch= 40
i_batch= 80
i_batch= 120
i_batch= 160
i_batch= 200
i_batch= 240
i_batch= 280
i_batch= 320
i_batch= 360
i_batch= 400
1 110
i_batch= 40
i_batch= 80
i_batch= 120
i_batch= 160
i_batch= 200
i_batch= 240
i_batch= 280
i_batch= 320
i_batch= 360
i_batch= 400
1 115
i_batch= 40
i_batch= 80
i_batch= 120
i_batch= 160
i_batch= 200
i_batch= 240
i_batch= 280
i_batch= 320
i_batch= 360
i_batch= 400
1 120
i_batch= 40
i_batch= 80
i_batch= 120
i_batch= 160
i_batch= 200
i_batch= 240
i_batch= 280
i_batch= 320
i_batch= 360
i_batch= 400
unperturbed patterns= [[0.49189099 1.72227737 0.53815782 3.88482073 0.54623186 0.53697732]
 [2.11063271 3.74636509 2.05866102 2.81780387 8.94480029 1.67681012]
 [0.33183968 0.39893143 2.41247168 1.21160079 4.30156763 0.43910188]]
1 10
i_batch= 40
i_batch= 80
i_batch= 120
i_batch= 160
i_batch= 200
i_batch= 240
i_batch= 280
i_batch= 320
i_batch= 360
i_batch= 400
1 15
i_batch= 40
i_batch= 80
i_batch= 120
i_batch= 160
i_batch= 200
i_batch= 240
i_batch= 280
i_batch= 320
i_batch= 360
i_batch= 400
1 20
i_batch= 40
i_batch= 80
i_batch= 120
i_batch= 160
i_batch= 200
i_batch= 240
i_batch= 280
i_batch= 320
i_batch= 360
i_batch= 400
1 25
i_batch= 40
i_batch= 80
i_batch= 120
i_batch= 160
i_batch= 200
i_batch= 240
i_batch= 280
i_batch= 320
i_batch= 360
i_batch= 400
1 30
i_batch= 40
i_batch= 80
i_batch= 120
i_batch= 160
i_batch= 200
i_batch= 240
i_batch= 280
i_batch= 320
i_batch= 360
i_batch= 400
1 35
i_batch= 40
i_batch= 80
i_batch= 120
i_batch= 160
i_batch= 200
i_batch= 240
i_batch= 280
i_batch= 320
i_batch= 360
i_batch= 400
1 40
i_batch= 40
i_batch= 80
i_batch= 120
i_batch= 160
i_batch= 200
i_batch= 240
i_batch= 280
i_batch= 320
i_batch= 360
i_batch= 400
1 45
i_batch= 40
i_batch= 80
i_batch= 120
i_batch= 160
i_batch= 200
i_batch= 240
i_batch= 280
i_batch= 320
i_batch= 360
i_batch= 400
1 50
i_batch= 40
i_batch= 80
i_batch= 120
i_batch= 160
i_batch= 200
i_batch= 240
i_batch= 280
i_batch= 320
i_batch= 360
i_batch= 400
1 55
i_batch= 40
i_batch= 80
i_batch= 120
i_batch= 160
i_batch= 200
i_batch= 240
i_batch= 280
i_batch= 320
i_batch= 360
i_batch= 400
1 60
i_batch= 40
i_batch= 80
i_batch= 120
i_batch= 160
i_batch= 200
i_batch= 240
i_batch= 280
i_batch= 320
i_batch= 360
i_batch= 400
1 65
i_batch= 40
i_batch= 80
i_batch= 120
i_batch= 160
i_batch= 200
i_batch= 240
i_batch= 280
i_batch= 320
i_batch= 360
i_batch= 400
1 70
i_batch= 40
i_batch= 80
i_batch= 120
i_batch= 160
i_batch= 200
i_batch= 240
i_batch= 280
i_batch= 320
i_batch= 360
i_batch= 400
1 75
i_batch= 40
i_batch= 80
i_batch= 120
i_batch= 160
i_batch= 200
i_batch= 240
i_batch= 280
i_batch= 320
i_batch= 360
i_batch= 400
1 80
i_batch= 40
i_batch= 80
i_batch= 120
i_batch= 160
i_batch= 200
i_batch= 240
i_batch= 280
i_batch= 320
i_batch= 360
i_batch= 400
1 85
i_batch= 40
i_batch= 80
i_batch= 120
i_batch= 160
i_batch= 200
i_batch= 240
i_batch= 280
i_batch= 320
i_batch= 360
i_batch= 400
1 90
i_batch= 40
i_batch= 80
i_batch= 120
i_batch= 160
i_batch= 200
i_batch= 240
i_batch= 280
i_batch= 320
i_batch= 360
i_batch= 400
1 95
i_batch= 40
i_batch= 80
i_batch= 120
i_batch= 160
i_batch= 200
i_batch= 240
i_batch= 280
i_batch= 320
i_batch= 360
i_batch= 400
1 100
i_batch= 40
i_batch= 80
i_batch= 120
i_batch= 160
i_batch= 200
i_batch= 240
i_batch= 280
i_batch= 320
i_batch= 360
i_batch= 400
1 105
i_batch= 40
i_batch= 80
i_batch= 120
i_batch= 160
i_batch= 200
i_batch= 240
i_batch= 280
i_batch= 320
i_batch= 360
i_batch= 400
1 110
i_batch= 40
i_batch= 80
i_batch= 120
i_batch= 160
i_batch= 200
i_batch= 240
i_batch= 280
i_batch= 320
i_batch= 360
i_batch= 400
1 115
i_batch= 40
i_batch= 80
i_batch= 120
i_batch= 160
i_batch= 200
i_batch= 240
i_batch= 280
i_batch= 320
i_batch= 360
i_batch= 400
1 120
i_batch= 40
i_batch= 80
i_batch= 120
i_batch= 160
i_batch= 200
i_batch= 240
i_batch= 280
i_batch= 320
i_batch= 360
i_batch= 400
unperturbed patterns= [[ 0.07342204  3.11723153  0.9843953   0.6446786   0.45309985  0.40710347]
 [ 0.3057135   6.50136753  0.79447918  0.20629637 22.8412201   2.39568838]
 [ 7.93846802  0.57627576  7.33347736  0.53070726  0.12373774  0.34978041]]
1 10
i_batch= 40
i_batch= 80
i_batch= 120
i_batch= 160
i_batch= 200
i_batch= 240
i_batch= 280
i_batch= 320
i_batch= 360
i_batch= 400
1 15
i_batch= 40
i_batch= 80
i_batch= 120
i_batch= 160
i_batch= 200
i_batch= 240
i_batch= 280
i_batch= 320
i_batch= 360
i_batch= 400
1 20
i_batch= 40
i_batch= 80
i_batch= 120
i_batch= 160
i_batch= 200
i_batch= 240
i_batch= 280
i_batch= 320
i_batch= 360
i_batch= 400
1 25
i_batch= 40
i_batch= 80
i_batch= 120
i_batch= 160
i_batch= 200
i_batch= 240
i_batch= 280
i_batch= 320
i_batch= 360
i_batch= 400
1 30
i_batch= 40
i_batch= 80
i_batch= 120
i_batch= 160
i_batch= 200
i_batch= 240
i_batch= 280
i_batch= 320
i_batch= 360
i_batch= 400
1 35
i_batch= 40
i_batch= 80
i_batch= 120
i_batch= 160
i_batch= 200
i_batch= 240
i_batch= 280
i_batch= 320
i_batch= 360
i_batch= 400
1 40
i_batch= 40
i_batch= 80
i_batch= 120
i_batch= 160
i_batch= 200
i_batch= 240
i_batch= 280
i_batch= 320
i_batch= 360
i_batch= 400
1 45
i_batch= 40
i_batch= 80
i_batch= 120
i_batch= 160
i_batch= 200
i_batch= 240
i_batch= 280
i_batch= 320
i_batch= 360
i_batch= 400
1 50
i_batch= 40
i_batch= 80
i_batch= 120
i_batch= 160
i_batch= 200
i_batch= 240
i_batch= 280
i_batch= 320
i_batch= 360
i_batch= 400
1 55
i_batch= 40
i_batch= 80
i_batch= 120
i_batch= 160
i_batch= 200
i_batch= 240
i_batch= 280
i_batch= 320
i_batch= 360
i_batch= 400
1 60
i_batch= 40
i_batch= 80
i_batch= 120
i_batch= 160
i_batch= 200
i_batch= 240
i_batch= 280
i_batch= 320
i_batch= 360
i_batch= 400
1 65
i_batch= 40
i_batch= 80
i_batch= 120
i_batch= 160
i_batch= 200
i_batch= 240
i_batch= 280
i_batch= 320
i_batch= 360
i_batch= 400
1 70
i_batch= 40
i_batch= 80
i_batch= 120
i_batch= 160
i_batch= 200
i_batch= 240
i_batch= 280
i_batch= 320
i_batch= 360
i_batch= 400
1 75
i_batch= 40
i_batch= 80
i_batch= 120
i_batch= 160
i_batch= 200
i_batch= 240
i_batch= 280
i_batch= 320
i_batch= 360
i_batch= 400
1 80
i_batch= 40
i_batch= 80
i_batch= 120
i_batch= 160
i_batch= 200
i_batch= 240
i_batch= 280
i_batch= 320
i_batch= 360
i_batch= 400
1 85
i_batch= 40
i_batch= 80
i_batch= 120
i_batch= 160
i_batch= 200
i_batch= 240
i_batch= 280
i_batch= 320
i_batch= 360
i_batch= 400
1 90
i_batch= 40
i_batch= 80
i_batch= 120
i_batch= 160
i_batch= 200
i_batch= 240
i_batch= 280
i_batch= 320
i_batch= 360
i_batch= 400
1 95
i_batch= 40
i_batch= 80
i_batch= 120
i_batch= 160
i_batch= 200
i_batch= 240
i_batch= 280
i_batch= 320
i_batch= 360
i_batch= 400
1 100
i_batch= 40
i_batch= 80
i_batch= 120
i_batch= 160
i_batch= 200
i_batch= 240
i_batch= 280
i_batch= 320
i_batch= 360
i_batch= 400
1 105
i_batch= 40
i_batch= 80
i_batch= 120
i_batch= 160
i_batch= 200
i_batch= 240
i_batch= 280
i_batch= 320
i_batch= 360
i_batch= 400
1 110
i_batch= 40
i_batch= 80
i_batch= 120
i_batch= 160
i_batch= 200
i_batch= 240
i_batch= 280
i_batch= 320
i_batch= 360
i_batch= 400
1 115
i_batch= 40
i_batch= 80
i_batch= 120
i_batch= 160
i_batch= 200
i_batch= 240
i_batch= 280
i_batch= 320
i_batch= 360
i_batch= 400
1 120
i_batch= 40
i_batch= 80
i_batch= 120
i_batch= 160
i_batch= 200
i_batch= 240
i_batch= 280
i_batch= 320
i_batch= 360
i_batch= 400
unperturbed patterns= [[ 2.69778286  0.18677273  1.05709462  3.21272344  1.22374799  5.18654332]
 [ 1.72702267  0.09444772  3.74352777  0.30441784  0.33235265  0.55861068]
 [ 0.21281427  0.11115368  0.8079022  57.05125309  0.06030476  0.14120901]]
1 10
i_batch= 40
i_batch= 80
i_batch= 120
i_batch= 160
i_batch= 200
i_batch= 240
i_batch= 280
i_batch= 320
i_batch= 360
i_batch= 400
1 15
i_batch= 40
i_batch= 80
i_batch= 120
i_batch= 160
i_batch= 200
i_batch= 240
i_batch= 280
i_batch= 320
i_batch= 360
i_batch= 400
1 20
i_batch= 40
i_batch= 80
i_batch= 120
i_batch= 160
i_batch= 200
i_batch= 240
i_batch= 280
i_batch= 320
i_batch= 360
i_batch= 400
1 25
i_batch= 40
i_batch= 80
i_batch= 120
i_batch= 160
i_batch= 200
i_batch= 240
i_batch= 280
i_batch= 320
i_batch= 360
i_batch= 400
1 30
i_batch= 40
i_batch= 80
i_batch= 120
i_batch= 160
i_batch= 200
i_batch= 240
i_batch= 280
i_batch= 320
i_batch= 360
i_batch= 400
1 35
i_batch= 40
i_batch= 80
i_batch= 120
i_batch= 160
i_batch= 200
i_batch= 240
i_batch= 280
i_batch= 320
i_batch= 360
i_batch= 400
1 40
i_batch= 40
i_batch= 80
i_batch= 120
i_batch= 160
i_batch= 200
i_batch= 240
i_batch= 280
i_batch= 320
i_batch= 360
i_batch= 400
1 45
i_batch= 40
i_batch= 80
i_batch= 120
i_batch= 160
i_batch= 200
i_batch= 240
i_batch= 280
i_batch= 320
i_batch= 360
i_batch= 400
1 50
i_batch= 40
i_batch= 80
i_batch= 120
i_batch= 160
i_batch= 200
i_batch= 240
i_batch= 280
i_batch= 320
i_batch= 360
i_batch= 400
1 55
i_batch= 40
i_batch= 80
i_batch= 120
i_batch= 160
i_batch= 200
i_batch= 240
i_batch= 280
i_batch= 320
i_batch= 360
i_batch= 400
1 60
i_batch= 40
i_batch= 80
i_batch= 120
i_batch= 160
i_batch= 200
i_batch= 240
i_batch= 280
i_batch= 320
i_batch= 360
i_batch= 400
1 65
i_batch= 40
i_batch= 80
i_batch= 120
i_batch= 160
i_batch= 200
i_batch= 240
i_batch= 280
i_batch= 320
i_batch= 360
i_batch= 400
1 70
i_batch= 40
i_batch= 80
i_batch= 120
i_batch= 160
i_batch= 200
i_batch= 240
i_batch= 280
i_batch= 320
i_batch= 360
i_batch= 400
1 75
i_batch= 40
i_batch= 80
i_batch= 120
i_batch= 160
i_batch= 200
i_batch= 240
i_batch= 280
i_batch= 320
i_batch= 360
i_batch= 400
1 80
i_batch= 40
i_batch= 80
i_batch= 120
i_batch= 160
i_batch= 200
i_batch= 240
i_batch= 280
i_batch= 320
i_batch= 360
i_batch= 400
1 85
i_batch= 40
i_batch= 80
i_batch= 120
i_batch= 160
i_batch= 200
i_batch= 240
i_batch= 280
i_batch= 320
i_batch= 360
i_batch= 400
1 90
i_batch= 40
i_batch= 80
i_batch= 120
i_batch= 160
i_batch= 200
i_batch= 240
i_batch= 280
i_batch= 320
i_batch= 360
i_batch= 400
1 95
i_batch= 40
i_batch= 80
i_batch= 120
i_batch= 160
i_batch= 200
i_batch= 240
i_batch= 280
i_batch= 320
i_batch= 360
i_batch= 400
1 100
i_batch= 40
i_batch= 80
i_batch= 120
i_batch= 160
i_batch= 200
i_batch= 240
i_batch= 280
i_batch= 320
i_batch= 360
i_batch= 400
1 105
i_batch= 40
i_batch= 80
i_batch= 120
i_batch= 160
i_batch= 200
i_batch= 240
i_batch= 280
i_batch= 320
i_batch= 360
i_batch= 400
1 110
i_batch= 40
i_batch= 80
i_batch= 120
i_batch= 160
i_batch= 200
i_batch= 240
i_batch= 280
i_batch= 320
i_batch= 360
i_batch= 400
1 115
i_batch= 40
i_batch= 80
i_batch= 120
i_batch= 160
i_batch= 200
i_batch= 240
i_batch= 280
i_batch= 320
i_batch= 360
i_batch= 400
1 120
i_batch= 40
i_batch= 80
i_batch= 120
i_batch= 160
i_batch= 200
i_batch= 240
i_batch= 280
i_batch= 320
i_batch= 360
i_batch= 400
unperturbed patterns= [[ 0.51459612  0.49483941  0.22488245  0.24649477  0.60007412  0.38663452]
 [ 1.2757314   4.42803617  1.28271089  0.24918114  0.35104999  0.41505871]
 [66.42764448  2.15654437  1.26453052  5.31064163  4.34339321  9.21319822]]
1 10
i_batch= 40
i_batch= 80
i_batch= 120
i_batch= 160
i_batch= 200
i_batch= 240
i_batch= 280
i_batch= 320
i_batch= 360
i_batch= 400
1 15
i_batch= 40
i_batch= 80
i_batch= 120
i_batch= 160
i_batch= 200
i_batch= 240
i_batch= 280
i_batch= 320
i_batch= 360
i_batch= 400
1 20
i_batch= 40
i_batch= 80
i_batch= 120
i_batch= 160
i_batch= 200
i_batch= 240
i_batch= 280
i_batch= 320
i_batch= 360
i_batch= 400
1 25
i_batch= 40
i_batch= 80
i_batch= 120
i_batch= 160
i_batch= 200
i_batch= 240
i_batch= 280
i_batch= 320
i_batch= 360
i_batch= 400
1 30
i_batch= 40
i_batch= 80
i_batch= 120
i_batch= 160
i_batch= 200
i_batch= 240
i_batch= 280
i_batch= 320
i_batch= 360
i_batch= 400
1 35
i_batch= 40
i_batch= 80
i_batch= 120
i_batch= 160
i_batch= 200
i_batch= 240
i_batch= 280
i_batch= 320
i_batch= 360
i_batch= 400
1 40
i_batch= 40
i_batch= 80
i_batch= 120
i_batch= 160
i_batch= 200
i_batch= 240
i_batch= 280
i_batch= 320
i_batch= 360
i_batch= 400
1 45
i_batch= 40
i_batch= 80
i_batch= 120
i_batch= 160
i_batch= 200
i_batch= 240
i_batch= 280
i_batch= 320
i_batch= 360
i_batch= 400
1 50
i_batch= 40
i_batch= 80
i_batch= 120
i_batch= 160
i_batch= 200
i_batch= 240
i_batch= 280
i_batch= 320
i_batch= 360
i_batch= 400
1 55
i_batch= 40
i_batch= 80
i_batch= 120
i_batch= 160
i_batch= 200
i_batch= 240
i_batch= 280
i_batch= 320
i_batch= 360
i_batch= 400
1 60
i_batch= 40
i_batch= 80
i_batch= 120
i_batch= 160
i_batch= 200
i_batch= 240
i_batch= 280
i_batch= 320
i_batch= 360
i_batch= 400
1 65
i_batch= 40
i_batch= 80
i_batch= 120
i_batch= 160
i_batch= 200
i_batch= 240
i_batch= 280
i_batch= 320
i_batch= 360
i_batch= 400
1 70
i_batch= 40
i_batch= 80
i_batch= 120
i_batch= 160
i_batch= 200
i_batch= 240
i_batch= 280
i_batch= 320
i_batch= 360
i_batch= 400
1 75
i_batch= 40
i_batch= 80
i_batch= 120
i_batch= 160
i_batch= 200
i_batch= 240
i_batch= 280
i_batch= 320
i_batch= 360
i_batch= 400
1 80
i_batch= 40
i_batch= 80
i_batch= 120
i_batch= 160
i_batch= 200
i_batch= 240
i_batch= 280
i_batch= 320
i_batch= 360
i_batch= 400
1 85
i_batch= 40
i_batch= 80
i_batch= 120
i_batch= 160
i_batch= 200
i_batch= 240
i_batch= 280
i_batch= 320
i_batch= 360
i_batch= 400
1 90
i_batch= 40
i_batch= 80
i_batch= 120
i_batch= 160
i_batch= 200
i_batch= 240
i_batch= 280
i_batch= 320
i_batch= 360
i_batch= 400
1 95
i_batch= 40
i_batch= 80
i_batch= 120
i_batch= 160
i_batch= 200
i_batch= 240
i_batch= 280
i_batch= 320
i_batch= 360
i_batch= 400
1 100
i_batch= 40
i_batch= 80
i_batch= 120
i_batch= 160
i_batch= 200
i_batch= 240
i_batch= 280
i_batch= 320
i_batch= 360
i_batch= 400
1 105
i_batch= 40
i_batch= 80
i_batch= 120
i_batch= 160
i_batch= 200
i_batch= 240
i_batch= 280
i_batch= 320
i_batch= 360
i_batch= 400
1 110
i_batch= 40
i_batch= 80
i_batch= 120
i_batch= 160
i_batch= 200
i_batch= 240
i_batch= 280
i_batch= 320
i_batch= 360
i_batch= 400
1 115
i_batch= 40
i_batch= 80
i_batch= 120
i_batch= 160
i_batch= 200
i_batch= 240
i_batch= 280
i_batch= 320
i_batch= 360
i_batch= 400
1 120
i_batch= 40
i_batch= 80
i_batch= 120
i_batch= 160
i_batch= 200
i_batch= 240
i_batch= 280
i_batch= 320
i_batch= 360
i_batch= 400
unperturbed patterns= [[ 0.41916456  0.58815446  0.22225425  0.31050712  0.77928686  1.20523599]
 [ 1.7744799   3.01310874  0.1137294   0.90138271  0.87796431  1.46039656]
 [11.70040903 14.03512297  7.0546067   4.24929628  1.38010295  1.66119569]]
1 10
i_batch= 40
i_batch= 80
i_batch= 120
i_batch= 160
i_batch= 200
i_batch= 240
i_batch= 280
i_batch= 320
i_batch= 360
i_batch= 400
1 15
i_batch= 40
i_batch= 80
i_batch= 120
i_batch= 160
i_batch= 200
i_batch= 240
i_batch= 280
i_batch= 320
i_batch= 360
i_batch= 400
1 20
i_batch= 40
i_batch= 80
i_batch= 120
i_batch= 160
i_batch= 200
i_batch= 240
i_batch= 280
i_batch= 320
i_batch= 360
i_batch= 400
1 25
i_batch= 40
i_batch= 80
i_batch= 120
i_batch= 160
i_batch= 200
i_batch= 240
i_batch= 280
i_batch= 320
i_batch= 360
i_batch= 400
1 30
i_batch= 40
i_batch= 80
i_batch= 120
i_batch= 160
i_batch= 200
i_batch= 240
i_batch= 280
i_batch= 320
i_batch= 360
i_batch= 400
1 35
i_batch= 40
i_batch= 80
i_batch= 120
i_batch= 160
i_batch= 200
i_batch= 240
i_batch= 280
i_batch= 320
i_batch= 360
i_batch= 400
1 40
i_batch= 40
i_batch= 80
i_batch= 120
i_batch= 160
i_batch= 200
i_batch= 240
i_batch= 280
i_batch= 320
i_batch= 360
i_batch= 400
1 45
i_batch= 40
i_batch= 80
i_batch= 120
i_batch= 160
i_batch= 200
i_batch= 240
i_batch= 280
i_batch= 320
i_batch= 360
i_batch= 400
1 50
i_batch= 40
i_batch= 80
i_batch= 120
i_batch= 160
i_batch= 200
i_batch= 240
i_batch= 280
i_batch= 320
i_batch= 360
i_batch= 400
1 55
i_batch= 40
i_batch= 80
i_batch= 120
i_batch= 160
i_batch= 200
i_batch= 240
i_batch= 280
i_batch= 320
i_batch= 360
i_batch= 400
1 60
i_batch= 40
i_batch= 80
i_batch= 120
i_batch= 160
i_batch= 200
i_batch= 240
i_batch= 280
i_batch= 320
i_batch= 360
i_batch= 400
1 65
i_batch= 40
i_batch= 80
i_batch= 120
i_batch= 160
i_batch= 200
i_batch= 240
i_batch= 280
i_batch= 320
i_batch= 360
i_batch= 400
1 70
i_batch= 40
i_batch= 80
i_batch= 120
i_batch= 160
i_batch= 200
i_batch= 240
i_batch= 280
i_batch= 320
i_batch= 360
i_batch= 400
1 75
i_batch= 40
i_batch= 80
i_batch= 120
i_batch= 160
i_batch= 200
i_batch= 240
i_batch= 280
i_batch= 320
i_batch= 360
i_batch= 400
1 80
i_batch= 40
i_batch= 80
i_batch= 120
i_batch= 160
i_batch= 200
i_batch= 240
i_batch= 280
i_batch= 320
i_batch= 360
i_batch= 400
1 85
i_batch= 40
i_batch= 80
i_batch= 120
i_batch= 160
i_batch= 200
i_batch= 240
i_batch= 280
i_batch= 320
i_batch= 360
i_batch= 400
1 90
i_batch= 40
i_batch= 80
i_batch= 120
i_batch= 160
i_batch= 200
i_batch= 240
i_batch= 280
i_batch= 320
i_batch= 360
i_batch= 400
1 95
i_batch= 40
i_batch= 80
i_batch= 120
i_batch= 160
i_batch= 200
i_batch= 240
i_batch= 280
i_batch= 320
i_batch= 360
i_batch= 400
1 100
i_batch= 40
i_batch= 80
i_batch= 120
i_batch= 160
i_batch= 200
i_batch= 240
i_batch= 280
i_batch= 320
i_batch= 360
i_batch= 400
1 105
i_batch= 40
i_batch= 80
i_batch= 120
i_batch= 160
i_batch= 200
i_batch= 240
i_batch= 280
i_batch= 320
i_batch= 360
i_batch= 400
1 110
i_batch= 40
i_batch= 80
i_batch= 120
i_batch= 160
i_batch= 200
i_batch= 240
i_batch= 280
i_batch= 320
i_batch= 360
i_batch= 400
1 115
i_batch= 40
i_batch= 80
i_batch= 120
i_batch= 160
i_batch= 200
i_batch= 240
i_batch= 280
i_batch= 320
i_batch= 360
i_batch= 400
1 120
i_batch= 40
i_batch= 80
i_batch= 120
i_batch= 160
i_batch= 200
i_batch= 240
i_batch= 280
i_batch= 320
i_batch= 360
i_batch= 400
unperturbed patterns= [[14.68635507  0.5054492   0.36267854  1.12598001  0.35085105  0.54042918]
 [ 1.01396506  0.36314655  0.13342968  0.97323526  0.82824416  0.12443925]
 [ 0.31084194  1.65673161  0.1096914   1.48828054  0.3148927   2.31179505]]
1 10
i_batch= 40
i_batch= 80
i_batch= 120
i_batch= 160
i_batch= 200
i_batch= 240
i_batch= 280
i_batch= 320
i_batch= 360
i_batch= 400
1 15
i_batch= 40
i_batch= 80
i_batch= 120
i_batch= 160
i_batch= 200
i_batch= 240
i_batch= 280
i_batch= 320
i_batch= 360
i_batch= 400
1 20
i_batch= 40
i_batch= 80
i_batch= 120
i_batch= 160
i_batch= 200
i_batch= 240
i_batch= 280
i_batch= 320
i_batch= 360
i_batch= 400
1 25
i_batch= 40
i_batch= 80
i_batch= 120
i_batch= 160
i_batch= 200
i_batch= 240
i_batch= 280
i_batch= 320
i_batch= 360
i_batch= 400
1 30
i_batch= 40
i_batch= 80
i_batch= 120
i_batch= 160
i_batch= 200
i_batch= 240
i_batch= 280
i_batch= 320
i_batch= 360
i_batch= 400
1 35
i_batch= 40
i_batch= 80
i_batch= 120
i_batch= 160
i_batch= 200
i_batch= 240
i_batch= 280
i_batch= 320
i_batch= 360
i_batch= 400
1 40
i_batch= 40
i_batch= 80
i_batch= 120
i_batch= 160
i_batch= 200
i_batch= 240
i_batch= 280
i_batch= 320
i_batch= 360
i_batch= 400
1 45
i_batch= 40
i_batch= 80
i_batch= 120
i_batch= 160
i_batch= 200
i_batch= 240
i_batch= 280
i_batch= 320
i_batch= 360
i_batch= 400
1 50
i_batch= 40
i_batch= 80
i_batch= 120
i_batch= 160
i_batch= 200
i_batch= 240
i_batch= 280
i_batch= 320
i_batch= 360
i_batch= 400
1 55
i_batch= 40
i_batch= 80
i_batch= 120
i_batch= 160
i_batch= 200
i_batch= 240
i_batch= 280
i_batch= 320
i_batch= 360
i_batch= 400
1 60
i_batch= 40
i_batch= 80
i_batch= 120
i_batch= 160
i_batch= 200
i_batch= 240
i_batch= 280
i_batch= 320
i_batch= 360
i_batch= 400
1 65
i_batch= 40
i_batch= 80
i_batch= 120
i_batch= 160
i_batch= 200
i_batch= 240
i_batch= 280
i_batch= 320
i_batch= 360
i_batch= 400
1 70
i_batch= 40
i_batch= 80
i_batch= 120
i_batch= 160
i_batch= 200
i_batch= 240
i_batch= 280
i_batch= 320
i_batch= 360
i_batch= 400
1 75
i_batch= 40
i_batch= 80
i_batch= 120
i_batch= 160
i_batch= 200
i_batch= 240
i_batch= 280
i_batch= 320
i_batch= 360
i_batch= 400
1 80
i_batch= 40
i_batch= 80
i_batch= 120
i_batch= 160
i_batch= 200
i_batch= 240
i_batch= 280
i_batch= 320
i_batch= 360
i_batch= 400
1 85
i_batch= 40
i_batch= 80
i_batch= 120
i_batch= 160
i_batch= 200
i_batch= 240
i_batch= 280
i_batch= 320
i_batch= 360
i_batch= 400
1 90
i_batch= 40
i_batch= 80
i_batch= 120
i_batch= 160
i_batch= 200
i_batch= 240
i_batch= 280
i_batch= 320
i_batch= 360
i_batch= 400
1 95
i_batch= 40
i_batch= 80
i_batch= 120
i_batch= 160
i_batch= 200
i_batch= 240
i_batch= 280
i_batch= 320
i_batch= 360
i_batch= 400
1 100
i_batch= 40
i_batch= 80
i_batch= 120
i_batch= 160
i_batch= 200
i_batch= 240
i_batch= 280
i_batch= 320
i_batch= 360
i_batch= 400
1 105
i_batch= 40
i_batch= 80
i_batch= 120
i_batch= 160
i_batch= 200
i_batch= 240
i_batch= 280
i_batch= 320
i_batch= 360
i_batch= 400
1 110
i_batch= 40
i_batch= 80
i_batch= 120
i_batch= 160
i_batch= 200
i_batch= 240
i_batch= 280
i_batch= 320
i_batch= 360
i_batch= 400
1 115
i_batch= 40
i_batch= 80
i_batch= 120
i_batch= 160
i_batch= 200
i_batch= 240
i_batch= 280
i_batch= 320
i_batch= 360
i_batch= 400
1 120
i_batch= 40
i_batch= 80
i_batch= 120
i_batch= 160
i_batch= 200
i_batch= 240
i_batch= 280
i_batch= 320
i_batch= 360
i_batch= 400
srun: Job step aborted: Waiting up to 32 seconds for job step to finish.
srun: Job step aborted: Waiting up to 32 seconds for job step to finish.
srun: Job step aborted: Waiting up to 32 seconds for job step to finish.
srun: Job step aborted: Waiting up to 32 seconds for job step to finish.
srun: Job step aborted: Waiting up to 32 seconds for job step to finish.
srun: Job step aborted: Waiting up to 32 seconds for job step to finish.
srun: Job step aborted: Waiting up to 32 seconds for job step to finish.
srun: Job step aborted: Waiting up to 32 seconds for job step to finish.
srun: Job step aborted: Waiting up to 32 seconds for job step to finish.
srun: Job step aborted: Waiting up to 32 seconds for job step to finish.
srun: Job step aborted: Waiting up to 32 seconds for job step to finish.
srun: Job step aborted: Waiting up to 32 seconds for job step to finish.
srun: Job step aborted: Waiting up to 32 seconds for job step to finish.
srun: Job step aborted: Waiting up to 32 seconds for job step to finish.
srun: Job step aborted: Waiting up to 32 seconds for job step to finish.
srun: Job step aborted: Waiting up to 32 seconds for job step to finish.
srun: Job step aborted: Waiting up to 32 seconds for job step to finish.
srun: Job step aborted: Waiting up to 32 seconds for job step to finish.
srun: Job step aborted: Waiting up to 32 seconds for job step to finish.
srun: Job step aborted: Waiting up to 32 seconds for job step to finish.
srun: Job step aborted: Waiting up to 32 seconds for job step to finish.
srun: Job step aborted: Waiting up to 32 seconds for job step to finish.
srun: Job step aborted: Waiting up to 32 seconds for job step to finish.
srun: Job step aborted: Waiting up to 32 seconds for job step to finish.
srun: Job step aborted: Waiting up to 32 seconds for job step to finish.
srun: Job step aborted: Waiting up to 32 seconds for job step to finish.
srun: Job step aborted: Waiting up to 32 seconds for job step to finish.
srun: Job step aborted: Waiting up to 32 seconds for job step to finish.
srun: Job step aborted: Waiting up to 32 seconds for job step to finish.
srun: Job step aborted: Waiting up to 32 seconds for job step to finish.
srun: Job step aborted: Waiting up to 32 seconds for job step to finish.
srun: Job step aborted: Waiting up to 32 seconds for job step to finish.
srun: Job step aborted: Waiting up to 32 seconds for job step to finish.
srun: Job step aborted: Waiting up to 32 seconds for job step to finish.
srun: Job step aborted: Waiting up to 32 seconds for job step to finish.
srun: Job step aborted: Waiting up to 32 seconds for job step to finish.
srun: Job step aborted: Waiting up to 32 seconds for job step to finish.
srun: Job step aborted: Waiting up to 32 seconds for job step to finish.
srun: Job step aborted: Waiting up to 32 seconds for job step to finish.
srun: Job step aborted: Waiting up to 32 seconds for job step to finish.
srun: Job step aborted: Waiting up to 32 seconds for job step to finish.
srun: Job step aborted: Waiting up to 32 seconds for job step to finish.
srun: Job step aborted: Waiting up to 32 seconds for job step to finish.
srun: Job step aborted: Waiting up to 32 seconds for job step to finish.
srun: Job step aborted: Waiting up to 32 seconds for job step to finish.
srun: Job step aborted: Waiting up to 32 seconds for job step to finish.
srun: Job step aborted: Waiting up to 32 seconds for job step to finish.
srun: Job step aborted: Waiting up to 32 seconds for job step to finish.
slurmstepd: error: *** STEP 222342.38 ON icehost026 CANCELLED AT 2025-04-03T19:29:03 DUE TO TIME LIMIT ***
slurmstepd: error: *** STEP 222342.42 ON icehost026 CANCELLED AT 2025-04-03T19:29:03 DUE TO TIME LIMIT ***
slurmstepd: error: *** STEP 222342.0 ON icehost026 CANCELLED AT 2025-04-03T19:29:03 DUE TO TIME LIMIT ***
slurmstepd: error: *** STEP 222342.7 ON icehost026 CANCELLED AT 2025-04-03T19:29:03 DUE TO TIME LIMIT ***
slurmstepd: error: *** STEP 222342.4 ON icehost026 CANCELLED AT 2025-04-03T19:29:03 DUE TO TIME LIMIT ***
slurmstepd: error: *** STEP 222342.10 ON icehost026 CANCELLED AT 2025-04-03T19:29:03 DUE TO TIME LIMIT ***
slurmstepd: error: *** STEP 222342.2 ON icehost026 CANCELLED AT 2025-04-03T19:29:03 DUE TO TIME LIMIT ***
slurmstepd: error: *** STEP 222342.5 ON icehost026 CANCELLED AT 2025-04-03T19:29:03 DUE TO TIME LIMIT ***
slurmstepd: error: *** STEP 222342.9 ON icehost026 CANCELLED AT 2025-04-03T19:29:03 DUE TO TIME LIMIT ***
slurmstepd: error: *** STEP 222342.40 ON icehost026 CANCELLED AT 2025-04-03T19:29:03 DUE TO TIME LIMIT ***
slurmstepd: error: *** STEP 222342.3 ON icehost026 CANCELLED AT 2025-04-03T19:29:03 DUE TO TIME LIMIT ***
slurmstepd: error: *** STEP 222342.8 ON icehost026 CANCELLED AT 2025-04-03T19:29:03 DUE TO TIME LIMIT ***
slurmstepd: error: *** STEP 222342.6 ON icehost026 CANCELLED AT 2025-04-03T19:29:03 DUE TO TIME LIMIT ***
slurmstepd: error: *** STEP 222342.35 ON icehost026 CANCELLED AT 2025-04-03T19:29:03 DUE TO TIME LIMIT ***
slurmstepd: error: *** STEP 222342.1 ON icehost026 CANCELLED AT 2025-04-03T19:29:03 DUE TO TIME LIMIT ***
slurmstepd: error: *** STEP 222342.32 ON icehost026 CANCELLED AT 2025-04-03T19:29:03 DUE TO TIME LIMIT ***
slurmstepd: error: *** STEP 222342.21 ON icehost026 CANCELLED AT 2025-04-03T19:29:03 DUE TO TIME LIMIT ***
slurmstepd: error: *** STEP 222342.19 ON icehost026 CANCELLED AT 2025-04-03T19:29:03 DUE TO TIME LIMIT ***
slurmstepd: error: *** STEP 222342.12 ON icehost026 CANCELLED AT 2025-04-03T19:29:03 DUE TO TIME LIMIT ***
slurmstepd: error: *** STEP 222342.16 ON icehost026 CANCELLED AT 2025-04-03T19:29:03 DUE TO TIME LIMIT ***
slurmstepd: error: *** STEP 222342.18 ON icehost026 CANCELLED AT 2025-04-03T19:29:03 DUE TO TIME LIMIT ***
slurmstepd: error: *** STEP 222342.14 ON icehost026 CANCELLED AT 2025-04-03T19:29:03 DUE TO TIME LIMIT ***
slurmstepd: error: *** STEP 222342.29 ON icehost026 CANCELLED AT 2025-04-03T19:29:03 DUE TO TIME LIMIT ***
slurmstepd: error: *** STEP 222342.27 ON icehost026 CANCELLED AT 2025-04-03T19:29:03 DUE TO TIME LIMIT ***
slurmstepd: error: *** STEP 222342.28 ON icehost026 CANCELLED AT 2025-04-03T19:29:03 DUE TO TIME LIMIT ***
slurmstepd: error: *** STEP 222342.30 ON icehost026 CANCELLED AT 2025-04-03T19:29:03 DUE TO TIME LIMIT ***
slurmstepd: error: *** STEP 222342.17 ON icehost026 CANCELLED AT 2025-04-03T19:29:03 DUE TO TIME LIMIT ***
slurmstepd: error: *** STEP 222342.31 ON icehost026 CANCELLED AT 2025-04-03T19:29:03 DUE TO TIME LIMIT ***
slurmstepd: error: *** STEP 222342.33 ON icehost026 CANCELLED AT 2025-04-03T19:29:03 DUE TO TIME LIMIT ***
slurmstepd: error: *** STEP 222342.20 ON icehost026 CANCELLED AT 2025-04-03T19:29:03 DUE TO TIME LIMIT ***
slurmstepd: error: *** STEP 222342.25 ON icehost026 CANCELLED AT 2025-04-03T19:29:03 DUE TO TIME LIMIT ***
slurmstepd: error: *** STEP 222342.41 ON icehost026 CANCELLED AT 2025-04-03T19:29:03 DUE TO TIME LIMIT ***
slurmstepd: error: *** STEP 222342.13 ON icehost026 CANCELLED AT 2025-04-03T19:29:03 DUE TO TIME LIMIT ***
slurmstepd: error: *** STEP 222342.44 ON icehost026 CANCELLED AT 2025-04-03T19:29:03 DUE TO TIME LIMIT ***
slurmstepd: error: *** STEP 222342.23 ON icehost026 CANCELLED AT 2025-04-03T19:29:03 DUE TO TIME LIMIT ***
slurmstepd: error: *** STEP 222342.11 ON icehost026 CANCELLED AT 2025-04-03T19:29:03 DUE TO TIME LIMIT ***
slurmstepd: error: *** STEP 222342.37 ON icehost026 CANCELLED AT 2025-04-03T19:29:03 DUE TO TIME LIMIT ***
slurmstepd: error: *** STEP 222342.22 ON icehost026 CANCELLED AT 2025-04-03T19:29:03 DUE TO TIME LIMIT ***
slurmstepd: error: *** STEP 222342.26 ON icehost026 CANCELLED AT 2025-04-03T19:29:03 DUE TO TIME LIMIT ***
slurmstepd: error: *** STEP 222342.24 ON icehost026 CANCELLED AT 2025-04-03T19:29:03 DUE TO TIME LIMIT ***
slurmstepd: error: *** STEP 222342.36 ON icehost026 CANCELLED AT 2025-04-03T19:29:03 DUE TO TIME LIMIT ***
slurmstepd: error: *** STEP 222342.15 ON icehost026 CANCELLED AT 2025-04-03T19:29:03 DUE TO TIME LIMIT ***
slurmstepd: error: *** STEP 222342.34 ON icehost026 CANCELLED AT 2025-04-03T19:29:03 DUE TO TIME LIMIT ***
slurmstepd: error: *** STEP 222342.43 ON icehost026 CANCELLED AT 2025-04-03T19:29:03 DUE TO TIME LIMIT ***
slurmstepd: error: *** STEP 222342.46 ON icehost026 CANCELLED AT 2025-04-03T19:29:03 DUE TO TIME LIMIT ***
slurmstepd: error: *** STEP 222342.45 ON icehost026 CANCELLED AT 2025-04-03T19:29:03 DUE TO TIME LIMIT ***
slurmstepd: error: *** STEP 222342.39 ON icehost026 CANCELLED AT 2025-04-03T19:29:03 DUE TO TIME LIMIT ***
slurmstepd: error: *** STEP 222342.47 ON icehost026 CANCELLED AT 2025-04-03T19:29:03 DUE TO TIME LIMIT ***
srun: error: icehost026: task 0: Terminated
srun: error: icehost026: task 0: Terminated
srun: error: icehost026: task 0: Terminated
srun: error: icehost026: task 0: Terminated
srun: error: icehost026: task 0: Terminated
srun: error: icehost026: task 0: Terminated
srun: error: icehost026: task 0: Terminated
srun: error: icehost026: task 0: Terminated
srun: error: icehost026: task 0: Terminated
srun: error: icehost026: task 0: Terminated
srun: error: icehost026: task 0: Terminated
srun: error: icehost026: task 0: Terminated
srun: error: icehost026: task 0: Terminated
srun: error: icehost026: task 0: Terminated
srun: error: icehost026: task 0: Terminated
srun: error: icehost026: task 0: Terminated
srun: error: icehost026: task 0: Terminated
srun: error: icehost026: task 0: Terminated
srun: error: icehost026: task 0: Terminated
srun: error: icehost026: task 0: Terminated
srun: error: icehost026: task 0: Terminated
srun: error: icehost026: task 0: Terminated
srun: error: icehost026: task 0: Terminated
srun: error: icehost026: task 0: Terminated
srun: error: icehost026: task 0: Terminated
srun: error: icehost026: task 0: Terminated
srun: error: icehost026: task 0: Terminated
srun: error: icehost026: task 0: Terminated
srun: error: icehost026: task 0: Terminated
srun: error: icehost026: task 0: Terminated
srun: error: icehost026: task 0: Terminated
srun: error: icehost026: task 0: Terminated
srun: error: icehost026: task 0: Terminated
srun: error: icehost026: task 0: Terminated
srun: error: icehost026: task 0: Terminated
srun: error: icehost026: task 0: Terminated
srun: error: icehost026: task 0: Terminated
srun: error: icehost026: task 0: Terminated
srun: error: icehost026: task 0: Terminated
srun: error: icehost026: task 0: Terminated
srun: error: icehost026: task 0: Terminated
srun: error: icehost026: task 0: Terminated
srun: error: icehost026: task 0: Terminated
srun: error: icehost026: task 0: Terminated
srun: error: icehost026: task 0: Terminated
srun: error: icehost026: task 0: Terminated
srun: error: icehost026: task 0: Terminated
srun: error: icehost026: task 0: Terminated
slurmstepd: error: *** STEP 222343.10 ON icehost008 CANCELLED AT 2025-04-03T19:31:04 DUE TO TIME LIMIT ***
slurmstepd: error: *** STEP 222343.0 ON icehost008 CANCELLED AT 2025-04-03T19:31:04 DUE TO TIME LIMIT ***
slurmstepd: error: *** STEP 222343.44 ON icehost008 CANCELLED AT 2025-04-03T19:31:04 DUE TO TIME LIMIT ***
slurmstepd: error: *** STEP 222343.1 ON icehost008 CANCELLED AT 2025-04-03T19:31:04 DUE TO TIME LIMIT ***
srun: Job step aborted: Waiting up to 32 seconds for job step to finish.
srun: Job step aborted: Waiting up to 32 seconds for job step to finish.
srun: Job step aborted: Waiting up to 32 seconds for job step to finish.
srun: Job step aborted: Waiting up to 32 seconds for job step to finish.
srun: Job step aborted: Waiting up to 32 seconds for job step to finish.
srun: Job step aborted: Waiting up to 32 seconds for job step to finish.
srun: Job step aborted: Waiting up to 32 seconds for job step to finish.
srun: Job step aborted: Waiting up to 32 seconds for job step to finish.
srun: Job step aborted: Waiting up to 32 seconds for job step to finish.
srun: Job step aborted: Waiting up to 32 seconds for job step to finish.
srun: Job step aborted: Waiting up to 32 seconds for job step to finish.
srun: Job step aborted: Waiting up to 32 seconds for job step to finish.
srun: Job step aborted: Waiting up to 32 seconds for job step to finish.
srun: Job step aborted: Waiting up to 32 seconds for job step to finish.
srun: Job step aborted: Waiting up to 32 seconds for job step to finish.
srun: Job step aborted: Waiting up to 32 seconds for job step to finish.
srun: Job step aborted: Waiting up to 32 seconds for job step to finish.
srun: Job step aborted: Waiting up to 32 seconds for job step to finish.
srun: Job step aborted: Waiting up to 32 seconds for job step to finish.
srun: Job step aborted: Waiting up to 32 seconds for job step to finish.
srun: Job step aborted: Waiting up to 32 seconds for job step to finish.
srun: Job step aborted: Waiting up to 32 seconds for job step to finish.
srun: Job step aborted: Waiting up to 32 seconds for job step to finish.
srun: Job step aborted: Waiting up to 32 seconds for job step to finish.
srun: Job step aborted: Waiting up to 32 seconds for job step to finish.
srun: Job step aborted: Waiting up to 32 seconds for job step to finish.
srun: Job step aborted: Waiting up to 32 seconds for job step to finish.
srun: Job step aborted: Waiting up to 32 seconds for job step to finish.
srun: Job step aborted: Waiting up to 32 seconds for job step to finish.
srun: Job step aborted: Waiting up to 32 seconds for job step to finish.
srun: Job step aborted: Waiting up to 32 seconds for job step to finish.
srun: Job step aborted: Waiting up to 32 seconds for job step to finish.
srun: Job step aborted: Waiting up to 32 seconds for job step to finish.
srun: Job step aborted: Waiting up to 32 seconds for job step to finish.
srun: Job step aborted: Waiting up to 32 seconds for job step to finish.
srun: Job step aborted: Waiting up to 32 seconds for job step to finish.
srun: Job step aborted: Waiting up to 32 seconds for job step to finish.
srun: Job step aborted: Waiting up to 32 seconds for job step to finish.
srun: Job step aborted: Waiting up to 32 seconds for job step to finish.
srun: Job step aborted: Waiting up to 32 seconds for job step to finish.
srun: Job step aborted: Waiting up to 32 seconds for job step to finish.
srun: Job step aborted: Waiting up to 32 seconds for job step to finish.
srun: Job step aborted: Waiting up to 32 seconds for job step to finish.
srun: Job step aborted: Waiting up to 32 seconds for job step to finish.
srun: Job step aborted: Waiting up to 32 seconds for job step to finish.
srun: Job step aborted: Waiting up to 32 seconds for job step to finish.
srun: Job step aborted: Waiting up to 32 seconds for job step to finish.
srun: Job step aborted: Waiting up to 32 seconds for job step to finish.
slurmstepd: error: *** STEP 222343.41 ON icehost008 CANCELLED AT 2025-04-03T19:31:04 DUE TO TIME LIMIT ***
slurmstepd: error: *** STEP 222343.9 ON icehost008 CANCELLED AT 2025-04-03T19:31:04 DUE TO TIME LIMIT ***
slurmstepd: error: *** STEP 222343.26 ON icehost008 CANCELLED AT 2025-04-03T19:31:04 DUE TO TIME LIMIT ***
slurmstepd: error: *** STEP 222343.8 ON icehost008 CANCELLED AT 2025-04-03T19:31:04 DUE TO TIME LIMIT ***
slurmstepd: error: *** STEP 222343.16 ON icehost008 CANCELLED AT 2025-04-03T19:31:04 DUE TO TIME LIMIT ***
slurmstepd: error: *** STEP 222343.3 ON icehost008 CANCELLED AT 2025-04-03T19:31:04 DUE TO TIME LIMIT ***
slurmstepd: error: *** STEP 222343.40 ON icehost008 CANCELLED AT 2025-04-03T19:31:04 DUE TO TIME LIMIT ***
slurmstepd: error: *** STEP 222343.2 ON icehost008 CANCELLED AT 2025-04-03T19:31:04 DUE TO TIME LIMIT ***
slurmstepd: error: *** STEP 222343.36 ON icehost008 CANCELLED AT 2025-04-03T19:31:04 DUE TO TIME LIMIT ***
slurmstepd: error: *** STEP 222343.17 ON icehost008 CANCELLED AT 2025-04-03T19:31:04 DUE TO TIME LIMIT ***
slurmstepd: error: *** STEP 222343.19 ON icehost008 CANCELLED AT 2025-04-03T19:31:04 DUE TO TIME LIMIT ***
slurmstepd: error: *** STEP 222343.7 ON icehost008 CANCELLED AT 2025-04-03T19:31:04 DUE TO TIME LIMIT ***
slurmstepd: error: *** STEP 222343.45 ON icehost008 CANCELLED AT 2025-04-03T19:31:04 DUE TO TIME LIMIT ***
slurmstepd: error: *** STEP 222343.13 ON icehost008 CANCELLED AT 2025-04-03T19:31:04 DUE TO TIME LIMIT ***
slurmstepd: error: *** STEP 222343.42 ON icehost008 CANCELLED AT 2025-04-03T19:31:04 DUE TO TIME LIMIT ***
slurmstepd: error: *** STEP 222343.21 ON icehost008 CANCELLED AT 2025-04-03T19:31:04 DUE TO TIME LIMIT ***
slurmstepd: error: *** STEP 222343.30 ON icehost008 CANCELLED AT 2025-04-03T19:31:04 DUE TO TIME LIMIT ***
slurmstepd: error: *** STEP 222343.24 ON icehost008 CANCELLED AT 2025-04-03T19:31:04 DUE TO TIME LIMIT ***
slurmstepd: error: *** STEP 222343.27 ON icehost008 CANCELLED AT 2025-04-03T19:31:04 DUE TO TIME LIMIT ***
slurmstepd: error: *** STEP 222343.23 ON icehost008 CANCELLED AT 2025-04-03T19:31:04 DUE TO TIME LIMIT ***
slurmstepd: error: *** STEP 222343.29 ON icehost008 CANCELLED AT 2025-04-03T19:31:04 DUE TO TIME LIMIT ***
slurmstepd: error: *** STEP 222343.11 ON icehost008 CANCELLED AT 2025-04-03T19:31:04 DUE TO TIME LIMIT ***
slurmstepd: error: *** STEP 222343.12 ON icehost008 CANCELLED AT 2025-04-03T19:31:04 DUE TO TIME LIMIT ***
slurmstepd: error: *** STEP 222343.28 ON icehost008 CANCELLED AT 2025-04-03T19:31:04 DUE TO TIME LIMIT ***
slurmstepd: error: *** STEP 222343.33 ON icehost008 CANCELLED AT 2025-04-03T19:31:04 DUE TO TIME LIMIT ***
slurmstepd: error: *** STEP 222343.31 ON icehost008 CANCELLED AT 2025-04-03T19:31:04 DUE TO TIME LIMIT ***
slurmstepd: error: *** STEP 222343.32 ON icehost008 CANCELLED AT 2025-04-03T19:31:04 DUE TO TIME LIMIT ***
slurmstepd: error: *** STEP 222343.34 ON icehost008 CANCELLED AT 2025-04-03T19:31:04 DUE TO TIME LIMIT ***
slurmstepd: error: *** STEP 222343.25 ON icehost008 CANCELLED AT 2025-04-03T19:31:04 DUE TO TIME LIMIT ***
slurmstepd: error: *** STEP 222343.22 ON icehost008 CANCELLED AT 2025-04-03T19:31:04 DUE TO TIME LIMIT ***
slurmstepd: error: *** STEP 222343.5 ON icehost008 CANCELLED AT 2025-04-03T19:31:04 DUE TO TIME LIMIT ***
slurmstepd: error: *** STEP 222343.4 ON icehost008 CANCELLED AT 2025-04-03T19:31:04 DUE TO TIME LIMIT ***
slurmstepd: error: *** STEP 222343.15 ON icehost008 CANCELLED AT 2025-04-03T19:31:04 DUE TO TIME LIMIT ***
slurmstepd: error: *** STEP 222343.18 ON icehost008 CANCELLED AT 2025-04-03T19:31:04 DUE TO TIME LIMIT ***
slurmstepd: error: *** STEP 222343.6 ON icehost008 CANCELLED AT 2025-04-03T19:31:04 DUE TO TIME LIMIT ***
slurmstepd: error: *** STEP 222343.20 ON icehost008 CANCELLED AT 2025-04-03T19:31:04 DUE TO TIME LIMIT ***
slurmstepd: error: *** STEP 222343.14 ON icehost008 CANCELLED AT 2025-04-03T19:31:04 DUE TO TIME LIMIT ***
slurmstepd: error: *** STEP 222343.35 ON icehost008 CANCELLED AT 2025-04-03T19:31:04 DUE TO TIME LIMIT ***
slurmstepd: error: *** STEP 222343.38 ON icehost008 CANCELLED AT 2025-04-03T19:31:04 DUE TO TIME LIMIT ***
slurmstepd: error: *** STEP 222343.39 ON icehost008 CANCELLED AT 2025-04-03T19:31:04 DUE TO TIME LIMIT ***
slurmstepd: error: *** STEP 222343.43 ON icehost008 CANCELLED AT 2025-04-03T19:31:04 DUE TO TIME LIMIT ***
slurmstepd: error: *** STEP 222343.37 ON icehost008 CANCELLED AT 2025-04-03T19:31:04 DUE TO TIME LIMIT ***
slurmstepd: error: *** STEP 222343.47 ON icehost008 CANCELLED AT 2025-04-03T19:31:04 DUE TO TIME LIMIT ***
slurmstepd: error: *** STEP 222343.46 ON icehost008 CANCELLED AT 2025-04-03T19:31:04 DUE TO TIME LIMIT ***
srun: error: icehost008: task 0: Terminated
srun: error: icehost008: task 0: Terminated
srun: error: icehost008: task 0: Terminated
srun: error: icehost008: task 0: Terminated
srun: error: icehost008: task 0: Terminated
srun: error: icehost008: task 0: Terminated
srun: error: icehost008: task 0: Terminated
srun: error: icehost008: task 0: Terminated
srun: error: icehost008: task 0: Terminated
srun: error: icehost008: task 0: Terminated
srun: error: icehost008: task 0: Terminated
srun: error: icehost008: task 0: Terminated
srun: error: icehost008: task 0: Terminated
srun: error: icehost008: task 0: Terminated
srun: error: icehost008: task 0: Terminated
srun: error: icehost008: task 0: Terminated
srun: error: icehost008: task 0: Terminated
srun: error: icehost008: task 0: Terminated
srun: error: icehost008: task 0: Terminated
srun: error: icehost008: task 0: Terminated
srun: error: icehost008: task 0: Terminated
srun: error: icehost008: task 0: Terminated
srun: error: icehost008: task 0: Terminated
srun: error: icehost008: task 0: Terminated
srun: error: icehost008: task 0: Terminated
srun: error: icehost008: task 0: Terminated
srun: error: icehost008: task 0: Terminated
srun: error: icehost008: task 0: Terminated
srun: error: icehost008: task 0: Terminated
srun: error: icehost008: task 0: Terminated
srun: error: icehost008: task 0: Terminated
srun: error: icehost008: task 0: Terminated
srun: error: icehost008: task 0: Terminated
srun: error: icehost008: task 0: Terminated
srun: error: icehost008: task 0: Terminated
srun: error: icehost008: task 0: Terminated
srun: error: icehost008: task 0: Terminated
srun: error: icehost008: task 0: Terminated
srun: error: icehost008: task 0: Terminated
srun: error: icehost008: task 0: Terminated
srun: error: icehost008: task 0: Terminated
srun: error: icehost008: task 0: Terminated
srun: error: icehost008: task 0: Terminated
srun: error: icehost008: task 0: Terminated
srun: error: icehost008: task 0: Terminated
srun: error: icehost008: task 0: Terminated
srun: error: icehost008: task 0: Terminated
srun: error: icehost008: task 0: Terminated
srun: Job step aborted: Waiting up to 32 seconds for job step to finish.
srun: Job step aborted: Waiting up to 32 seconds for job step to finish.
srun: Job step aborted: Waiting up to 32 seconds for job step to finish.
srun: Job step aborted: Waiting up to 32 seconds for job step to finish.
srun: Job step aborted: Waiting up to 32 seconds for job step to finish.
srun: Job step aborted: Waiting up to 32 seconds for job step to finish.
srun: Job step aborted: Waiting up to 32 seconds for job step to finish.
srun: Job step aborted: Waiting up to 32 seconds for job step to finish.
srun: Job step aborted: Waiting up to 32 seconds for job step to finish.
srun: Job step aborted: Waiting up to 32 seconds for job step to finish.
srun: Job step aborted: Waiting up to 32 seconds for job step to finish.
srun: Job step aborted: Waiting up to 32 seconds for job step to finish.
srun: Job step aborted: Waiting up to 32 seconds for job step to finish.
srun: Job step aborted: Waiting up to 32 seconds for job step to finish.
srun: Job step aborted: Waiting up to 32 seconds for job step to finish.
srun: Job step aborted: Waiting up to 32 seconds for job step to finish.
srun: Job step aborted: Waiting up to 32 seconds for job step to finish.
srun: Job step aborted: Waiting up to 32 seconds for job step to finish.
srun: Job step aborted: Waiting up to 32 seconds for job step to finish.
srun: Job step aborted: Waiting up to 32 seconds for job step to finish.
srun: Job step aborted: Waiting up to 32 seconds for job step to finish.
srun: Job step aborted: Waiting up to 32 seconds for job step to finish.
srun: Job step aborted: Waiting up to 32 seconds for job step to finish.
srun: Job step aborted: Waiting up to 32 seconds for job step to finish.
srun: Job step aborted: Waiting up to 32 seconds for job step to finish.
srun: Job step aborted: Waiting up to 32 seconds for job step to finish.
srun: Job step aborted: Waiting up to 32 seconds for job step to finish.
srun: Job step aborted: Waiting up to 32 seconds for job step to finish.
srun: Job step aborted: Waiting up to 32 seconds for job step to finish.
srun: Job step aborted: Waiting up to 32 seconds for job step to finish.
srun: Job step aborted: Waiting up to 32 seconds for job step to finish.
srun: Job step aborted: Waiting up to 32 seconds for job step to finish.
srun: Job step aborted: Waiting up to 32 seconds for job step to finish.
srun: Job step aborted: Waiting up to 32 seconds for job step to finish.
srun: Job step aborted: Waiting up to 32 seconds for job step to finish.
srun: Job step aborted: Waiting up to 32 seconds for job step to finish.
srun: Job step aborted: Waiting up to 32 seconds for job step to finish.
srun: Job step aborted: Waiting up to 32 seconds for job step to finish.
srun: Job step aborted: Waiting up to 32 seconds for job step to finish.
srun: Job step aborted: Waiting up to 32 seconds for job step to finish.
srun: Job step aborted: Waiting up to 32 seconds for job step to finish.
srun: Job step aborted: Waiting up to 32 seconds for job step to finish.
srun: Job step aborted: Waiting up to 32 seconds for job step to finish.
srun: Job step aborted: Waiting up to 32 seconds for job step to finish.
srun: Job step aborted: Waiting up to 32 seconds for job step to finish.
srun: Job step aborted: Waiting up to 32 seconds for job step to finish.
srun: Job step aborted: Waiting up to 32 seconds for job step to finish.
srun: Job step aborted: Waiting up to 32 seconds for job step to finish.
slurmstepd: error: *** STEP 222344.46 ON icehost012 CANCELLED AT 2025-04-03T19:31:34 DUE TO TIME LIMIT ***
slurmstepd: error: *** STEP 222344.15 ON icehost012 CANCELLED AT 2025-04-03T19:31:34 DUE TO TIME LIMIT ***
slurmstepd: error: *** STEP 222344.19 ON icehost012 CANCELLED AT 2025-04-03T19:31:34 DUE TO TIME LIMIT ***
slurmstepd: error: *** STEP 222344.25 ON icehost012 CANCELLED AT 2025-04-03T19:31:34 DUE TO TIME LIMIT ***
slurmstepd: error: *** STEP 222344.26 ON icehost012 CANCELLED AT 2025-04-03T19:31:34 DUE TO TIME LIMIT ***
slurmstepd: error: *** STEP 222344.28 ON icehost012 CANCELLED AT 2025-04-03T19:31:34 DUE TO TIME LIMIT ***
slurmstepd: error: *** STEP 222344.30 ON icehost012 CANCELLED AT 2025-04-03T19:31:34 DUE TO TIME LIMIT ***
slurmstepd: error: *** STEP 222344.33 ON icehost012 CANCELLED AT 2025-04-03T19:31:34 DUE TO TIME LIMIT ***
slurmstepd: error: *** STEP 222344.37 ON icehost012 CANCELLED AT 2025-04-03T19:31:34 DUE TO TIME LIMIT ***
slurmstepd: error: *** STEP 222344.34 ON icehost012 CANCELLED AT 2025-04-03T19:31:34 DUE TO TIME LIMIT ***
slurmstepd: error: *** STEP 222344.38 ON icehost012 CANCELLED AT 2025-04-03T19:31:34 DUE TO TIME LIMIT ***
slurmstepd: error: *** STEP 222344.39 ON icehost012 CANCELLED AT 2025-04-03T19:31:34 DUE TO TIME LIMIT ***
slurmstepd: error: *** STEP 222344.40 ON icehost012 CANCELLED AT 2025-04-03T19:31:34 DUE TO TIME LIMIT ***
slurmstepd: error: *** STEP 222344.0 ON icehost012 CANCELLED AT 2025-04-03T19:31:34 DUE TO TIME LIMIT ***
slurmstepd: error: *** STEP 222344.1 ON icehost012 CANCELLED AT 2025-04-03T19:31:34 DUE TO TIME LIMIT ***
slurmstepd: error: *** STEP 222344.18 ON icehost012 CANCELLED AT 2025-04-03T19:31:34 DUE TO TIME LIMIT ***
slurmstepd: error: *** STEP 222344.2 ON icehost012 CANCELLED AT 2025-04-03T19:31:34 DUE TO TIME LIMIT ***
slurmstepd: error: *** STEP 222344.5 ON icehost012 CANCELLED AT 2025-04-03T19:31:34 DUE TO TIME LIMIT ***
slurmstepd: error: *** STEP 222344.3 ON icehost012 CANCELLED AT 2025-04-03T19:31:34 DUE TO TIME LIMIT ***
slurmstepd: error: *** STEP 222344.7 ON icehost012 CANCELLED AT 2025-04-03T19:31:34 DUE TO TIME LIMIT ***
slurmstepd: error: *** STEP 222344.4 ON icehost012 CANCELLED AT 2025-04-03T19:31:34 DUE TO TIME LIMIT ***
slurmstepd: error: *** STEP 222344.6 ON icehost012 CANCELLED AT 2025-04-03T19:31:34 DUE TO TIME LIMIT ***
slurmstepd: error: *** STEP 222344.8 ON icehost012 CANCELLED AT 2025-04-03T19:31:34 DUE TO TIME LIMIT ***
slurmstepd: error: *** STEP 222344.14 ON icehost012 CANCELLED AT 2025-04-03T19:31:34 DUE TO TIME LIMIT ***
slurmstepd: error: *** STEP 222344.9 ON icehost012 CANCELLED AT 2025-04-03T19:31:34 DUE TO TIME LIMIT ***
slurmstepd: error: *** STEP 222344.11 ON icehost012 CANCELLED AT 2025-04-03T19:31:34 DUE TO TIME LIMIT ***
slurmstepd: error: *** STEP 222344.10 ON icehost012 CANCELLED AT 2025-04-03T19:31:34 DUE TO TIME LIMIT ***
slurmstepd: error: *** STEP 222344.12 ON icehost012 CANCELLED AT 2025-04-03T19:31:34 DUE TO TIME LIMIT ***
slurmstepd: error: *** STEP 222344.22 ON icehost012 CANCELLED AT 2025-04-03T19:31:34 DUE TO TIME LIMIT ***
slurmstepd: error: *** STEP 222344.13 ON icehost012 CANCELLED AT 2025-04-03T19:31:34 DUE TO TIME LIMIT ***
slurmstepd: error: *** STEP 222344.35 ON icehost012 CANCELLED AT 2025-04-03T19:31:34 DUE TO TIME LIMIT ***
slurmstepd: error: *** STEP 222344.20 ON icehost012 CANCELLED AT 2025-04-03T19:31:34 DUE TO TIME LIMIT ***
slurmstepd: error: *** STEP 222344.42 ON icehost012 CANCELLED AT 2025-04-03T19:31:34 DUE TO TIME LIMIT ***
slurmstepd: error: *** STEP 222344.44 ON icehost012 CANCELLED AT 2025-04-03T19:31:34 DUE TO TIME LIMIT ***
slurmstepd: error: *** STEP 222344.23 ON icehost012 CANCELLED AT 2025-04-03T19:31:34 DUE TO TIME LIMIT ***
slurmstepd: error: *** STEP 222344.17 ON icehost012 CANCELLED AT 2025-04-03T19:31:34 DUE TO TIME LIMIT ***
slurmstepd: error: *** STEP 222344.43 ON icehost012 CANCELLED AT 2025-04-03T19:31:34 DUE TO TIME LIMIT ***
slurmstepd: error: *** STEP 222344.16 ON icehost012 CANCELLED AT 2025-04-03T19:31:34 DUE TO TIME LIMIT ***
slurmstepd: error: *** STEP 222344.21 ON icehost012 CANCELLED AT 2025-04-03T19:31:34 DUE TO TIME LIMIT ***
slurmstepd: error: *** STEP 222344.24 ON icehost012 CANCELLED AT 2025-04-03T19:31:34 DUE TO TIME LIMIT ***
slurmstepd: error: *** STEP 222344.32 ON icehost012 CANCELLED AT 2025-04-03T19:31:34 DUE TO TIME LIMIT ***
slurmstepd: error: *** STEP 222344.27 ON icehost012 CANCELLED AT 2025-04-03T19:31:34 DUE TO TIME LIMIT ***
slurmstepd: error: *** STEP 222344.29 ON icehost012 CANCELLED AT 2025-04-03T19:31:34 DUE TO TIME LIMIT ***
slurmstepd: error: *** STEP 222344.31 ON icehost012 CANCELLED AT 2025-04-03T19:31:34 DUE TO TIME LIMIT ***
slurmstepd: error: *** STEP 222344.36 ON icehost012 CANCELLED AT 2025-04-03T19:31:34 DUE TO TIME LIMIT ***
slurmstepd: error: *** STEP 222344.41 ON icehost012 CANCELLED AT 2025-04-03T19:31:34 DUE TO TIME LIMIT ***
slurmstepd: error: *** STEP 222344.45 ON icehost012 CANCELLED AT 2025-04-03T19:31:34 DUE TO TIME LIMIT ***
slurmstepd: error: *** STEP 222344.47 ON icehost012 CANCELLED AT 2025-04-03T19:31:34 DUE TO TIME LIMIT ***
srun: error: icehost012: task 0: Terminated
srun: error: icehost012: task 0: Terminated
srun: error: icehost012: task 0: Terminated
srun: error: icehost012: task 0: Terminated
srun: error: icehost012: task 0: Terminated
srun: error: icehost012: task 0: Terminated
srun: error: icehost012: task 0: Terminated
srun: error: icehost012: task 0: Terminated
srun: error: icehost012: task 0: Terminated
srun: error: icehost012: task 0: Terminated
srun: error: icehost012: task 0: Terminated
srun: error: icehost012: task 0: Terminated
srun: error: icehost012: task 0: Terminated
srun: error: icehost012: task 0: Terminated
srun: error: icehost012: task 0: Terminated
srun: error: icehost012: task 0: Terminated
srun: error: icehost012: task 0: Terminated
srun: error: icehost012: task 0: Terminated
srun: error: icehost012: task 0: Terminated
srun: error: icehost012: task 0: Terminated
srun: error: icehost012: task 0: Terminated
srun: error: icehost012: task 0: Terminated
srun: error: icehost012: task 0: Terminated
srun: error: icehost012: task 0: Terminated
srun: error: icehost012: task 0: Terminated
srun: error: icehost012: task 0: Terminated
srun: error: icehost012: task 0: Terminated
srun: error: icehost012: task 0: Terminated
srun: error: icehost012: task 0: Terminated
srun: error: icehost012: task 0: Terminated
srun: error: icehost012: task 0: Terminated
srun: error: icehost012: task 0: Terminated
srun: error: icehost012: task 0: Terminated
srun: error: icehost012: task 0: Terminated
srun: error: icehost012: task 0: Terminated
srun: error: icehost012: task 0: Terminated
srun: error: icehost012: task 0: Terminated
srun: error: icehost012: task 0: Terminated
srun: error: icehost012: task 0: Terminated
srun: error: icehost012: task 0: Terminated
srun: error: icehost012: task 0: Terminated
srun: error: icehost012: task 0: Terminated
srun: error: icehost012: task 0: Terminated
srun: error: icehost012: task 0: Terminated
srun: error: icehost012: task 0: Terminated
srun: error: icehost012: task 0: Terminated
srun: error: icehost012: task 0: Terminated
srun: error: icehost012: task 0: Terminated
